scenario,drawn_gain_error,drawn_offset_A,Vth_single_raw_V,Vth_mean25_raw_V,Vth_single_calibrated_V,Vth_mean25_calibrated_V,clipped_calibration_readings,clipped_sweep_readings
1,-0.000428280390751816,1.0333713909006e-05,1.18902782694214,1.18859937584456,1.20009076961537,1.19965468576694,0,0
2,-0.00906539898676743,3.29451610829703e-07,1.19779618247199,1.19958838702946,1.19829687465155,1.20008843311131,0,0
3,-0.00505364801619994,-1.53070636080621e-05,1.2166882119805,1.21691868015617,1.1998708885034,1.20010002916581,0,0
4,-0.00419898434667077,1.06731345835561e-06,1.20086793366711,1.19874043030003,1.20269292827564,1.20056516965357,0,0
5,-0.00613346353238883,1.90384820518901e-05,1.17844018369882,1.17925169714278,1.19864996131042,1.19946576895949,0,0
6,-0.000140118466848456,1.5410399592318e-05,1.18349368057184,1.18345374099071,1.19962872846988,1.19960095274416,0,0
7,0.00677897839547232,3.09639923020346e-06,1.1977044523664,1.19708310555213,1.19999955824531,1.19937866205067,0,0
8,-0.00607972548571034,1.80056765833145e-05,1.18293084040195,1.18078961754359,1.20282574754446,1.2006723112372,0,0
9,0.00969687801439676,-1.19142657873392e-05,1.21347199927586,1.21271820156905,1.19970872935445,1.19894261117767,0,0
10,0.00712830038771424,-1.00824455589371e-05,1.21110244446462,1.21131077190916,1.19928057369445,1.19947717339453,0,0
11,-0.00902049808247276,1.15538384355343e-05,1.18655766675005,1.18754002820424,1.19970583748446,1.20068349553203,0,0
12,0.00335979053787965,1.83578523397902e-05,1.18298578900336,1.18039107149025,1.20234130081899,1.19975234189199,0,0
13,0.000328228314562986,1.15453262649147e-05,1.18333363198675,1.18713824067775,1.19618458174564,1.19999346583861,0,0
14,0.00396487546846174,7.51328774566984e-06,1.19380264533438,1.19200685550162,1.20021195217982,1.19841598055047,0,0
15,-0.00657057800677511,2.64922356823601e-06,1.20004070602276,1.19728703361968,1.20186837517548,1.1991151108844,0,0
16,-0.00087196767500346,1.60697090375103e-05,1.18231788292438,1.18276801296713,1.19964132526018,1.20008352247025,0,0
17,0.00463638724056398,-1.00312159757351e-05,1.2102769915229,1.21097715940621,1.1994007364074,1.20010188906596,0,0
18,-0.000765848572434489,-1.68881000136085e-05,1.21434795751466,1.2185153266824,1.19591655660445,1.20010234064652,0,0
19,-0.00779200029042913,-1.08088388173716e-05,1.21106486757597,1.21245623679108,1.1977251413408,1.1991121729563,0,0
20,-0.00595671693000022,-5.77555288321564e-06,1.20687997324511,1.20631231195188,1.20006129295499,1.19949097238644,0,0
21,-0.00658887669985908,9.5814650351855e-06,1.189547427162,1.18926666751822,1.2008520527773,1.20055869873158,0,0
22,0.0096694897870282,-1.39168593725093e-05,1.21751280109114,1.21472804029426,1.20260357608472,1.19979678843286,0,0
23,0.00266034792256091,-1.96545302360069e-05,1.22061641886176,1.22109717443006,1.19862628169766,1.19910183954243,0,0
24,0.00235977806145509,-1.35958646193435e-05,1.21334149359267,1.21494922069538,1.19812788449977,1.19974613279966,0,0
25,-0.00918912702797242,-1.99459505188777e-05,1.22058802480233,1.22170675444811,1.20001080694271,1.20111202597723,0,0
26,-0.00467428448682861,1.78113557969812e-05,1.18237168220565,1.18096547363055,1.20356007941491,1.20214758162588,0,0
27,-0.00706498586258363,-1.30306230686161e-05,1.21553850039256,1.21341541925504,1.20152179943337,1.19939977481499,0,0
28,0.00438831367697327,8.06101114363116e-06,1.19103992261969,1.19160906329323,1.19992320491202,1.20047951992185,0,0
29,0.00497682302473051,7.60402886912699e-07,1.19980109385021,1.19912174864775,1.20078824541664,1.20010830954154,0,0
30,0.00977034882657008,7.42088408545049e-06,1.19161471998166,1.19222643506766,1.20012018739082,1.20072231509615,0,0
31,-0.00937150307491739,-4.25482313534366e-06,1.20485353455763,1.20459722129268,1.20018223418739,1.19992370244657,0,0
32,-0.00317719867293962,2.31449616379638e-06,1.19556395229569,1.19765467273183,1.19755166084064,1.19964259679726,0,0
33,0.00809586691829963,1.51851828939224e-05,1.18380727925971,1.18394142261874,1.19918564994998,1.19929711464689,0,0
34,0.00978212311058577,-1.17697120759993e-06,1.20051003967013,1.2013294674429,1.1992008836021,1.20002033888043,0,0
35,-0.00483764820174035,1.09390693762681e-05,1.19035600308632,1.18836163869576,1.20061794155238,1.19863398675407,0,0
36,0.0064553919252154,-9.61500617398304e-06,1.21007794697481,1.21056809767924,1.19838826960082,1.1988924005652,0,0
37,0.00716879525017527,9.23194369522022e-06,1.19243301369183,1.19016246809205,1.20143907466892,1.19917145224178,0,0
38,0.00216508506275601,-1.69060441892238e-05,1.21912487695293,1.21822408384879,1.20142901179785,1.20052123669318,0,0
39,-0.00707431381870615,-1.08847727039925e-05,1.21328225693695,1.21229256645792,1.20194783297062,1.20095258850872,0,0
40,0.00246588108177543,-2.66802908349874e-06,1.20098256769682,1.20272900355935,1.19818008365039,1.19992527434797,0,0
41,0.00467215242088758,1.40422886269902e-06,1.20016769920116,1.19865927761989,1.20131863327335,1.19981017021683,0,0
42,0.00106734351786368,-1.80016639510989e-05,1.21885970891493,1.21930781174156,1.19848423022981,1.19893656506006,0,0
43,0.00146044186899494,-6.42895462807217e-06,1.20684866625249,1.20737368634435,1.20057625198047,1.20109588152944,0,0
44,-0.000725855810812932,1.62596438570948e-06,1.19900981650318,1.19830670868121,1.20099162303027,1.20029031854445,0,0
45,-0.00193487922761368,-4.52767946974037e-06,1.20727791660368,1.20499399195576,1.20297235022798,1.20068608803799,0,0
46,-0.00811841963453626,6.33938758118929e-06,1.19579227894914,1.1929304641203,1.20444107161637,1.20158293706461,0,0
47,-0.00232486845824869,-1.16528126832909e-05,1.21216476658818,1.21276831265677,1.20037577149457,1.20098224799667,0,0
48,1.5199733470368e-05,1.23929473209407e-05,1.18656402395028,1.18656070577088,1.19909106543974,1.1990841455976,0,0
49,0.00269373126657115,3.03998460340983e-06,1.19540290762441,1.19737186002608,1.19919303762882,1.20115917808556,0,0
50,-0.00749028050603348,-1.05129738288086e-05,1.2112382076424,1.21153997683815,1.19989556455647,1.20019422474023,0,0
51,0.00998191339431628,1.29316406807146e-05,1.18760973681323,1.18593932825445,1.20064896360281,1.19899576384982,0,0
52,-0.00893158476295045,8.87594720160092e-06,1.18972111049551,1.18975551303086,1.19888059374138,1.19890998892988,0,0
53,-0.00647527857738471,4.40272846269822e-07,1.19972174450714,1.19933852752684,1.20055312327774,1.20017018100298,0,0
54,0.00320874983804352,5.48353182669579e-06,1.19407464274587,1.193882016593,1.19934262487111,1.19914664133123,0,0
55,-0.00545557020983787,1.82420290481931e-05,1.18119328185711,1.18038459093095,1.20041976086922,1.19958938287622,0,0
56,-0.0054023458292188,5.11708287058913e-06,1.19459137555605,1.1944144770828,1.20139156034282,1.20122084942891,0,0
57,0.00604007191823227,-3.06426317996391e-07,1.19943386921167,1.20054136388994,1.19926963667894,1.20037713354267,0,0
58,-0.00802804343384879,-2.94462592548995e-06,1.20454678362093,1.20254930251901,1.20238033217329,1.20038202117437,0,0
59,-0.00604064477766077,1.16610818647203e-05,1.18661492765496,1.18674230532336,1.19856202324229,1.19868570023231,0,0
60,-0.00866361437799531,3.04451235908851e-06,1.19828581234725,1.19684695708057,1.20328143237546,1.2018446446506,0,0
61,-0.00511895622475785,6.17507192076531e-06,1.19311638776862,1.19362018667787,1.20024771219708,1.20075241898589,0,0
62,-0.00594755787699792,8.19135168512575e-06,1.19084934572481,1.19128847205173,1.19914369158614,1.19958695297445,0,0
63,0.00801764081809219,-2.7083916350106e-06,1.20134368418726,1.20333622463038,1.19970341350169,1.20169606540105,0,0
64,-0.00444807728907558,-2.75537370224495e-06,1.20065575951735,1.20254054794308,1.19799705904717,1.19988292232502,0,0
65,-0.00150305414087398,3.0993135835929e-06,1.1948055762176,1.19622701151015,1.19794588946921,1.19936895135387,0,0
66,-0.00721650238264462,1.36667316823476e-06,1.19952082539192,1.19921578110314,1.19885601311335,1.19855055637435,0,0
67,0.00949342152647109,1.56000689387859e-05,1.18408825699554,1.18269638684992,1.20073320337084,1.19934212737147,0,0
68,0.00565018564094064,-1.33433795020096e-05,1.21318417659027,1.21446618986645,1.19951499850286,1.20079430141257,0,0
69,-0.00119926468625708,1.76910481494273e-05,1.18257384684583,1.18068215503521,1.20221158723745,1.20030680015947,0,0
70,6.83130883787642e-05,1.32972088417309e-05,1.18464921612048,1.18584313836848,1.19965291331077,1.2008416752254,0,0
71,0.00983877081822107,1.95480683827754e-05,1.17815830223088,1.17923873091959,1.19949823488599,1.20059632749803,0,0
72,0.000577122128392049,-6.03559459356756e-06,1.20640025447748,1.20627364949525,1.201102392651,1.20098117486109,0,0
73,0.00684815302511291,-3.37204548040062e-06,1.20313478014533,1.20349588228237,1.19804866909684,1.19840575434826,0,0
74,-0.00705295421227211,-1.26344122394533e-05,1.21489303349997,1.21361032265023,1.20188566636823,1.2005970800399,0,0
75,0.00667056864826661,-1.16321758425612e-05,1.21253393317804,1.21251824563408,1.20216437840822,1.20215277237314,0,0
76,0.00232163018911923,-1.50305398420191e-06,1.20154302047323,1.2013132276977,1.19890389232351,1.19867480372024,0,0
77,-0.00756376186522619,-1.18142754707381e-05,1.21183722256128,1.21291808068473,1.19966089762627,1.20073493033794,0,0
78,-0.00208838830902711,-1.37675067512376e-05,1.21584761257686,1.21493361664841,1.20072866905853,1.19982650051365,0,0
79,-0.00157010361759473,1.32818985678956e-05,1.18607676159518,1.18549714933366,1.20044159406326,1.19986234718259,0,0
80,0.00511267094219022,8.38081119374192e-06,1.19056482323877,1.19078857787454,1.19975542980893,1.19998080409743,0,0
81,0.000586482618244328,1.72902740105829e-05,1.18270318589518,1.18145451246395,1.20129508046701,1.20005653738249,0,0
82,-0.00648463443034938,-7.05154144902718e-06,1.20750135075139,1.20755583818926,1.1993387682033,1.19939718226056,0,0
83,-0.0049885368875402,7.38670805686411e-06,1.1886489868717,1.19166744383228,1.19662115492156,1.19962823401165,0,0
84,-0.000546808834923109,5.85203344118637e-06,1.19410265570498,1.19382716005359,1.20004267989207,1.19977077252637,0,0
85,0.00434477795577652,3.74247132274328e-07,1.20094128940894,1.19983473071243,1.19962452723666,1.19851948658129,0,0
86,0.00503106590316483,-1.08128778046231e-06,1.20205681396116,1.20139789182671,1.20008350041217,1.19942551622659,0,0
87,-0.00810498859088012,1.94018585688004e-05,1.17892071487412,1.17857909542126,1.19934192683432,1.19899442027173,0,0
88,-0.0032663404341971,5.01418724242668e-06,1.19381806636581,1.19467059161828,1.19929134851234,1.20013615730111,0,0
89,-0.00641164503597541,2.54808325402441e-06,1.19393510039011,1.19653537754661,1.19526401933198,1.19786500400837,0,0
90,0.00783617383959882,1.03381904987832e-05,1.18765701022825,1.18924488665074,1.19828977550363,1.19987852245198,0,0
91,0.00222087959543812,5.97598389274347e-07,1.19923391942102,1.19902434317334,1.20022332577509,1.20001349404139,0,0
92,0.0063277266546195,-6.44526853640722e-06,1.20632940161074,1.20687418248477,1.19990929933148,1.20046089407069,0,0
93,-0.00366065600850401,-1.26212759672818e-05,1.21286825127338,1.21396519138371,1.20122330705863,1.20232666447931,0,0
94,0.00814889610710301,8.5927176779549e-06,1.18739046579834,1.19051040956879,1.19655895535403,1.19967335615321,0,0
95,0.00435123517730626,1.94672711230972e-05,1.17954374359502,1.1787914152347,1.20022512322716,1.1994496821721,0,0
96,-0.00821416164998058,1.75220850880027e-05,1.1842781252727,1.18083607592283,1.20302686200476,1.19960056487009,0,0
97,-0.00380513167855026,-2.77440700900249e-06,1.20211896931317,1.20300778131616,1.19846648058619,1.19935706921646,0,0
98,-0.00899297054330605,-4.55979930220107e-07,1.19999148646107,1.20031273577591,1.19949166668922,1.19981253983541,0,0
99,-0.00795302382045792,4.65310612771654e-06,1.19325468043984,1.19477732795687,1.20025299975787,1.20177043894053,0,0
100,-0.00131765316794379,1.6034521636298e-05,1.18515910039512,1.18259344655408,1.20179960681817,1.1992524758771,0,0
101,0.00495647787406458,1.85406966122923e-05,1.17970185047694,1.1800237667884,1.19950270604346,1.19984931883929,0,0
102,0.00987658285096068,1.0336933416985e-05,1.18714497182633,1.18965741788986,1.1987471753997,1.20125377545184,0,0
103,0.00115372680833631,1.7440939184391e-05,1.18178674684022,1.18145021739619,1.19971203359276,1.19937743661251,0,0
104,-0.00978080963190003,1.95307779091007e-07,1.20048050996156,1.19947263703865,1.2016486522388,1.20064091751933,0,0
105,-0.00973506610520605,1.19494988964433e-05,1.18505570956502,1.18650780458827,1.19770576200871,1.19915876483166,0,0
106,0.00581895077717059,-1.00035133096847e-05,1.21218947436859,1.21055299191873,1.20033437341705,1.19870206703554,0,0
107,0.00718590456492695,1.96419055578953e-05,1.18131998287297,1.17887540260003,1.20206829151859,1.19964057384386,0,0
108,0.00150392829943391,-4.8984194687653e-07,1.19733733435654,1.2009239442956,1.1970070001711,1.20059394472514,0,0
109,-0.00778192406521361,3.13564507577133e-06,1.19454883469884,1.1961193635911,1.1980465872641,1.1996150073589,0,0
110,0.00130566306864003,-1.83864644827776e-05,1.21950838201796,1.22007652930308,1.20113018705902,1.20169187421576,0,0
111,0.00703387911204544,-1.30810238196143e-05,1.21534566309124,1.21402453868563,1.20201790265994,1.20069967704916,0,0
112,0.000379074714975101,1.43879409845904e-05,1.1843342187671,1.18440342612672,1.19947807939504,1.19955794213594,0,0
113,0.00462895704598929,-1.80900685225409e-05,1.21998530159089,1.21935578501368,1.20133667382439,1.2006997264525,0,0
114,0.00155454831331419,2.60112950964721e-06,1.19743493252917,1.197743831003,1.19908418881914,1.19939194177548,0,0
115,-0.00917544053013226,1.21398686441705e-05,1.18739839063025,1.18663421738979,1.2000500619037,1.19927437283839,0,0
116,-0.00123669523606764,1.2881790361653e-06,1.19441509842331,1.19859190732885,1.196568438653,1.20074254156869,0,0
117,-0.00113245691496622,1.52326737431795e-06,1.1978167504771,1.19843030100373,1.20013158324939,1.20074582322683,0,0
118,-0.0018735863232479,-1.72452039671478e-05,1.21818328578584,1.21906883325556,1.20071523898257,1.20162559247399,0,0
119,0.00813846324550178,7.73380087431591e-06,1.19057020284106,1.19124565999737,1.19924263704412,1.19991753132134,0,0
120,0.000722845304537261,1.24154274016987e-05,1.18778191345023,1.18661028421823,1.20081084844134,1.19962836034299,0,0
121,0.000714771514768187,-1.32726087880792e-05,1.2147841882907,1.2148327245416,1.19987896756603,1.19993671585421,0,0
122,-0.00302494767355861,-1.568784827947e-05,1.21783799300657,1.21733653088448,1.200895215587,1.20038285034239,0,0
123,0.00769931056395456,9.85656282558105e-06,1.19036329325151,1.18983580777687,1.20034451376766,1.19981895171562,0,0
124,0.004763641821734,3.70255591895929e-06,1.19352849769045,1.19591278828851,1.19780121346124,1.20018477869132,0,0
125,-0.00508996838497022,1.38717334136837e-05,1.18271221420562,1.18485005139899,1.19945560278639,1.20158595979143,0,0
126,0.0092410534425938,1.22688481359146e-05,1.18532567486802,1.18664294099838,1.19774688303849,1.19905756358967,0,0
127,-0.00219237401944996,1.87407970349228e-05,1.18089419256978,1.1799805604155,1.20104743994805,1.20011429673849,0,0
128,-0.00766582184265873,-1.87242947668511e-05,1.22179425251583,1.22056169905244,1.20075875175446,1.19951011754141,0,0
129,0.00188366276685286,-5.1658238381266e-06,1.207184529495,1.20523876407496,1.20206447613212,1.20012029133699,0,0
130,0.00809099694435687,-4.18828076189277e-06,1.20377630227692,1.20480675200011,1.20082159512194,1.20185419547146,0,0
131,-0.00907495428206344,5.71864357046281e-06,1.19253009343411,1.19384947628195,1.19852019514652,1.19984669349832,0,0
132,0.00388916166139205,-1.87588139476513e-05,1.21910296560435,1.21987088281754,1.19846738474745,1.1992230603896,0,0
133,0.00340791087049108,-2.17009974775106e-06,1.20260626904942,1.20215966673656,1.19996898253181,1.19952399755148,0,0
134,-0.00906015226992866,1.11615795056013e-05,1.18872376423954,1.18774589698084,1.20137758738767,1.20039044677484,0,0
135,0.0094072853320991,-1.35293189028577e-05,1.21235310192825,1.21424758738344,1.19743111111654,1.19931253830279,0,0
136,0.00819510326390968,1.17852825966324e-05,1.18667113102774,1.18732561744459,1.19680480692809,1.19745869854529,0,0
137,-0.00802391396717742,-3.58230541799426e-06,1.20548493273504,1.20417476720907,1.20198376819699,1.20067421547803,0,0
138,-0.00678574592106367,1.17608285133839e-05,1.18505688259129,1.18744937818151,1.19701125837186,1.19939725988088,0,0
139,0.00307652574323366,4.54081025967324e-06,1.19621684769726,1.19462743018182,1.20230710206099,1.20071934765771,0,0
140,0.00248636533996186,1.24931900476951e-05,1.18440415016764,1.18635003394451,1.19608681175033,1.19802374847412,0,0
141,-0.000841071031937264,1.44654514101125e-05,1.18472141981656,1.18444539908456,1.20089350060879,1.200612100349,0,0
142,-0.00717276767798799,1.85756774942856e-05,1.18097194688317,1.17990092269037,1.20206650371076,1.20096785795584,0,0
143,-0.00145230441698809,-1.82853552139895e-05,1.22166227087263,1.22001915939966,1.20323445502443,1.20157987986423,0,0
144,0.00546545636520209,6.63291693784718e-07,1.19967049191416,1.19915638869944,1.20065698136033,1.20014245527239,0,0
145,0.00364561215911567,1.12677770162672e-06,1.19871618391791,1.198834994901,1.20036045595753,1.20048087003267,0,0
146,-0.00233002468056903,8.27899230930346e-06,1.19271175576063,1.19148737495318,1.20131102461083,1.20008607311404,0,0
147,-0.00219152776875756,1.93778157734254e-05,1.17910884068237,1.1791943015214,1.19971659768534,1.19981381456777,0,0
148,0.00102743996386314,-1.08581125874519e-05,1.21352686322439,1.21208494458604,1.20128867768913,1.1998462554235,0,0
149,-0.0047158592456983,-1.90304057143224e-05,1.21944419752047,1.22113588098356,1.19877537597805,1.20047186949569,0,0
150,0.00393235009952306,1.76740498355942e-05,1.18048497847574,1.18107843339288,1.19867811502417,1.19928525827064,0,0
151,0.00713650758816371,-1.11904875862953e-06,1.20157191520024,1.20105592732248,1.2022288953414,1.20171269306141,0,0
152,0.00544585445273099,-1.32445248162559e-05,1.21425032444795,1.21439431119834,1.2007405879825,1.20088445674462,0,0
153,0.00116422763914436,-7.65356936970849e-06,1.2086822661238,1.20808223921956,1.20091110746268,1.20031388865507,0,0
154,0.00719325345447621,1.32465499036305e-05,1.18612842827111,1.18474321155184,1.19937761190756,1.19799617936751,0,0
155,0.00233450097922899,9.48789240395868e-06,1.18697092584409,1.18947720457657,1.19686014962503,1.19935017598231,0,0
156,-0.00928551458340452,-4.80276166239951e-06,1.20462992216716,1.20514079457309,1.19862478291738,1.1991326350512,0,0
157,0.00239217585750911,1.01486172554122e-08,1.19972746311747,1.19968495598468,1.19956271274847,1.19952012974126,0,0
158,0.00825587743503253,-1.40745159174942e-05,1.21800382875485,1.21519756069348,1.2040342326533,1.20122991827452,0,0
159,-0.00209376542329322,-6.97660177440512e-06,1.20799888285045,1.2078484727144,1.20153167024593,1.20138075934403,0,0
160,-0.00049992677351633,-1.61286179109455e-05,1.21977017159812,1.21743090005018,1.20333684186216,1.20100777360699,0,0
161,0.00924528796925318,1.45932821904596e-05,1.18391364900448,1.18425212992215,1.1984534485522,1.1987806766706,0,0
162,-0.00757811085549829,-1.53420604842242e-05,1.2157465715704,1.21688121899439,1.20120839927328,1.20234714569474,0,0
163,-0.00919746690118511,-1.84860714058961e-07,1.19865081620273,1.19971631417503,1.19798386055799,1.19904941148672,0,0
164,0.0070829987734256,1.28745921942001e-05,1.18537012689336,1.18622888420577,1.2004365562025,1.20129150313779,0,0
165,-0.00139989292821389,-9.09584786947028e-06,1.20977980608561,1.21021066066329,1.19983016223149,1.20026696982643,0,0
166,0.0037648054727638,2.29018349570147e-07,1.19684711700207,1.19959091028632,1.19816463179896,1.20090781441807,0,0
167,5.59685516679509e-05,9.21456369489345e-06,1.188494571994,1.1897706475946,1.19922316317222,1.20049656971034,0,0
168,-0.00536000454373813,1.86576101698642e-05,1.17939016840627,1.17977098226308,1.1989162184529,1.19930646064559,0,0
169,-0.00331910595034181,4.31655841430788e-06,1.19453382900605,1.19531818878526,1.19867711875289,1.19945941836563,0,0
170,-0.00782329738690558,1.13590680999652e-05,1.18888571473483,1.18747100531912,1.20084716153381,1.19943476719579,0,0
171,-0.00553577697614666,9.72209054567995e-06,1.18866507327463,1.18980562634192,1.19911090138917,1.20025204215021,0,0
172,-0.00815885742812856,-1.88331587455624e-05,1.22100764251794,1.22076214310445,1.19978984755282,1.19953589270911,0,0
173,-0.00340807387913646,-9.77407053675263e-06,1.2095912312851,1.21064057122989,1.19962011386908,1.20067427853622,0,0
174,-0.00524181921884356,-8.00686002958572e-06,1.20918128655738,1.20843581641088,1.19938137177193,1.19862308066391,0,0
175,-0.0018836959855442,1.15295894870554e-05,1.18846994632286,1.18759428380608,1.20201414371568,1.20114317316187,0,0
176,-0.00665194336519288,-1.53363549451316e-05,1.21559904918255,1.21684002921337,1.19875587833132,1.1999883145271,0,0
177,0.00825478061225338,8.52266720416761e-08,1.19916482071558,1.20005969245776,1.1983456970042,1.19924038169285,0,0
178,-0.00931401227019744,1.2379323367087e-05,1.18690971151719,1.1868791753966,1.19971032116387,1.19968718446855,0,0
179,0.00861794909491176,-1.63903382569172e-05,1.21826718333418,1.21835535902773,1.20132442768317,1.20142984148981,0,0
180,0.00692040595604944,-8.32693707821856e-06,1.20930506809649,1.20939458368247,1.20042816226259,1.20052066729719,0,0
181,0.0069133640310508,1.74392239038934e-05,1.18182233311144,1.18147742898343,1.20129408674493,1.20094502320754,0,0
182,0.000773412825821467,-1.32380514789611e-05,1.21425891648419,1.21405296505078,1.20084072506807,1.20064280487351,0,0
183,-0.00414312396988403,1.2489995286547e-05,1.18751986586991,1.18658501763646,1.20109230164656,1.20015773178901,0,0
184,-0.00824741380168617,-1.8264606780044e-05,1.22156965683452,1.22018834777536,1.20283894951156,1.20145871886184,0,0
185,-0.00308510970750993,-1.54712771848466e-05,1.2195651988696,1.21670155700526,1.20393208651357,1.20107312951044,0,0
186,-0.00770909014356852,-8.79331672852497e-06,1.207408401225,1.20921478128571,1.19739373947152,1.19920859671175,0,0
187,0.00740884382602787,-1.18105037875385e-05,1.21362664329793,1.21263082736529,1.20179015391519,1.20079259671129,0,0
188,-0.00686740725486254,1.50620270537378e-05,1.18329399844502,1.18374531780298,1.1990494588206,1.19950475968346,0,0
189,0.00672230397792561,4.30556071546899e-07,1.20043834692088,1.19973033539554,1.20126002995272,1.20055089403406,0,0
190,0.0025805207256443,-1.72803683239633e-05,1.22046533644332,1.21872453949402,1.20161553539099,1.1998752463921,0,0
191,0.00334338539565924,7.80513440111124e-06,1.18991964972547,1.19144571890446,1.19895829291587,1.20048878866985,0,0
192,0.00564498261333931,1.08746852817651e-05,1.1887959002784,1.18830407089626,1.20010437697379,1.19961945056688,0,0
193,-0.00689636139994754,1.64505274323472e-06,1.19910904143559,1.19819503333146,1.20310545320423,1.20218720236938,0,0
194,0.00467318363632997,1.59058299172325e-05,1.18427099593948,1.18243260017241,1.2008539808733,1.19899708706659,0,0
195,0.00757641062456343,-1.4594052246323e-07,1.20281563226091,1.20041013412725,1.20101123272956,1.19860631152083,0,0
196,0.000789985106820879,1.67560847536241e-05,1.18051257408045,1.18175775581935,1.19861248761166,1.19986470878048,0,0
197,-0.00830053448615093,1.07790627196894e-05,1.18869556134506,1.18829551761426,1.20049692954751,1.20010210447937,0,0
198,0.0045821440723685,-2.73099969474397e-06,1.2037616274278,1.2033506853431,1.20047052535231,1.20005942408313,0,0
199,-0.00419127380732466,1.97674506652442e-05,1.17821802978342,1.17883839245434,1.1991938216409,1.19983585759668,0,0
200,0.0025888986351006,1.27041537877883e-05,1.18543851833839,1.18679177783652,1.19841759794183,1.19977485230633,0,0
201,0.000175531072466237,-7.87747886146282e-06,1.20836834793467,1.20869709071711,1.19926914214899,1.19959805451281,0,0
202,0.00775495631063176,-7.76175212658594e-06,1.21022399351063,1.20854431608387,1.20185078304508,1.20016914093911,0,0
203,0.00516852151728598,-4.07077281588828e-06,1.20582787983824,1.20431697211836,1.20154933822074,1.20003940628929,0,0
204,0.000383793370880332,-4.87071521201506e-06,1.20294213455326,1.20487872169535,1.19897146294436,1.20090950496752,0,0
205,-0.00818269123858453,-8.73495909360829e-07,1.20208516013432,1.20118356283686,1.20158544789057,1.20068371785831,0,0
206,-0.00144581120976436,1.28075071884011e-05,1.18734349069708,1.18561231197819,1.1997270106223,1.1979900740278,0,0
207,0.00470702815315047,-1.22949632082567e-05,1.21397405841972,1.21282521277338,1.20079038027497,1.19963447269382,0,0
208,-0.00366408528976507,2.00076513881732e-06,1.1951521551081,1.19731541853363,1.19747403337269,1.1996361197635,0,0
209,0.00194276026495575,1.67968648739427e-05,1.18236983606132,1.1816437595551,1.1999468554506,1.19923321353379,0,0
210,0.00407340240992196,-1.89398971650092e-05,1.22009074565001,1.22057294987357,1.19961985174156,1.2000919152775,0,0
211,-0.00250632077027366,8.58482471467735e-06,1.19181415356507,1.19028591946804,1.19957696093178,1.19805690472736,0,0
212,0.00621546483942327,8.6365751439695e-06,1.18998123654264,1.19090950802155,1.20096613818174,1.20189453269982,0,0
213,-0.00279413229164163,-1.20062704882549e-05,1.2131289733605,1.21286378137524,1.2001781159724,1.19990975412165,0,0
214,0.00765211383465295,1.16468227667082e-05,1.18577070197208,1.18776317131874,1.19839285264864,1.20036332674434,0,0
215,0.00784227562827948,1.47354394235445e-05,1.182632450534,1.18436255546506,1.19817441206963,1.19989362354824,0,0
216,-0.0053773768744303,4.18060444870299e-06,1.19732912420464,1.19585783288624,1.2021453125483,1.2006701968825,0,0
217,0.00972885979743569,-1.56354881291234e-05,1.21624383032178,1.21677722069889,1.1976975381088,1.19823192615271,0,0
218,-0.00588352893653298,-5.45814181670628e-06,1.2060580301854,1.20625030043418,1.20090379610611,1.20109347376141,0,0
219,-0.00401364401530291,2.64806121655402e-06,1.19528078762225,1.19727703416794,1.19843057396055,1.20042837400988,0,0
220,-0.00947434631848031,2.90331457230408e-06,1.1961624791867,1.19714842426172,1.19866333114262,1.19964893938288,0,0
221,0.0033668941674825,-3.1877675125734e-06,1.20396912589259,1.20354027717564,1.20034486246071,1.19991518380892,0,0
222,-0.00134863174703145,1.37913013135604e-05,1.18288257224716,1.18527401881238,1.19989820616521,1.20227546913447,0,0
223,0.00413952995727514,-7.72920976709342e-06,1.20971398312047,1.20809857727234,1.20246386364096,1.20084744986546,0,0
224,-0.000704536373984859,1.7843992717898e-05,1.18063390575763,1.18038350958264,1.20107791108507,1.20082370323407,0,0
225,-0.00524076613002241,1.75579203826703e-05,1.18058852678277,1.18062691715403,1.20093350049322,1.20099542486267,0,0
226,-0.00327818342589554,-1.10920375309634e-05,1.21460499867955,1.21194922399285,1.20199697408661,1.19932598149574,0,0
227,-0.00279931639305332,-1.58265846178511e-05,1.21742790362237,1.21738041954507,1.19999398689914,1.19993016650861,0,0
228,0.00687159955338905,-1.60789605045858e-05,1.21697801977666,1.21810894055258,1.1990192726949,1.20017078838466,0,0
229,-0.00136258733163489,-2.97281158984116e-06,1.20377051890549,1.20313356783816,1.19979977753082,1.19916066844426,0,0
230,-0.00916203610077801,1.58508624865464e-06,1.19856154022885,1.19833840431533,1.20056263509049,1.20033918430808,0,0
231,0.0085153624918938,-1.52519042956827e-05,1.21392448509075,1.21680606289723,1.19748251346192,1.2003728171541,0,0
232,-0.00960209388876916,1.75851262820029e-06,1.19792660464932,1.19805548748663,1.20076397231728,1.20089139807184,0,0
233,-0.00562033205719565,-1.49955865038529e-05,1.21534758007893,1.21657050164272,1.19851875919855,1.19974177730846,0,0
234,0.00279126250275121,1.54849606102816e-05,1.18302196309331,1.18240968865314,1.19913314942691,1.19851534013765,0,0
235,-0.00079648703548139,-5.12883939454885e-06,1.20462660747458,1.20513896826225,1.1988288450676,1.199345502478,0,0
236,0.00644511558693341,6.41583725480814e-06,1.19254710751397,1.19299923784869,1.19877882289716,1.19922939199326,0,0
237,-0.00628417804314001,1.15303147691856e-05,1.18455435972533,1.18734735110709,1.19767098859648,1.20045552392633,0,0
238,0.00850805041521242,4.93001199705982e-06,1.19612763621693,1.194885617959,1.20087094055196,1.19963116015247,0,0
239,0.00440914771929992,-1.97717362379646e-05,1.22367629045495,1.22157410332876,1.2030192241866,1.20093099451869,0,0
240,-0.0046001020432597,1.36494515179427e-05,1.18581676991274,1.18474307850805,1.19904692379675,1.19798902409329,0,0
241,-0.00196006593380018,3.04293980671368e-07,1.19969989320177,1.19950401874161,1.19986533244779,1.1996695309356,0,0
242,0.000529290946419188,4.91428898506686e-06,1.19542202978923,1.19464315587496,1.2016941351434,1.20091405169249,0,0
243,-0.00245355173541852,-4.56658822713937e-06,1.20536750284198,1.20500248208064,1.2012196474652,1.20085772970575,0,0
244,-0.00398559941323393,1.22455725512343e-05,1.18895372386122,1.18684066866092,1.20202119139536,1.19991443950205,0,0
245,-0.00643756997373641,1.20553432103688e-05,1.18896797021464,1.18724521915561,1.20189330279554,1.20018699454461,0,0
246,-0.00807225114359563,-5.80065016295636e-06,1.20390201602805,1.20612975842762,1.19574503609655,1.19796265238774,0,0
247,-0.00831602059203324,1.64590591652903e-05,1.18261227933089,1.1818506997137,1.20086563730608,1.20012221132789,0,0
248,0.00282688646209805,6.43059061679578e-06,1.19212616731371,1.19265105566331,1.19838160662495,1.19890521805927,0,0
249,-0.00442176193117438,1.93283291666805e-05,1.17757660448449,1.17870071511206,1.19692819460703,1.19804307921503,0,0
250,0.00439597239607449,1.38474280190955e-05,1.1856115712403,1.18473534044169,1.20072805591957,1.1998322696133,0,0
251,0.00927155714411744,9.57075059472339e-06,1.18739325299268,1.18931795153067,1.19818060785285,1.20010546640092,0,0
252,-0.00112916764597592,7.89997640324028e-06,1.19215481678458,1.19129955577027,1.20174279823534,1.20088144907592,0,0
253,0.00300147569743471,1.91492769825167e-06,1.19531731747819,1.19767270707304,1.19696674176247,1.19931932660609,0,0
254,-0.0088771250884179,1.42875167360623e-06,1.19982551855844,1.19867188813881,1.20249383393967,1.20133938896121,0,0
255,0.00535785835494784,1.91830250386612e-05,1.17908567508187,1.17932004275546,1.19974449066054,1.19995832095435,0,0
256,0.00111347343593955,9.4650043490503e-06,1.19172617425316,1.18997970350718,1.20111875520756,1.19936741158236,0,0
257,0.00238745374356401,1.83984661762405e-05,1.17862992632081,1.17943644143823,1.19867078674085,1.19947820893965,0,0
258,0.00171087187687907,-3.75106503133027e-06,1.20479906649781,1.20407807398426,1.19886024113176,1.1981401941426,0,0
259,0.00568200278766556,-6.24577214835627e-06,1.20858138231795,1.20658497268966,1.20003512893381,1.19803607666517,0,0
260,0.000410446668013296,-8.4243754772314e-06,1.20935687414591,1.20926669396982,1.19927178486174,1.19917903802906,0,0
261,-0.00573557366729834,-1.09481122902553e-05,1.21142214285222,1.21224891385752,1.20011594831851,1.20092544991038,0,0
262,0.00512741106779738,-3.1222160418018e-06,1.20199465300244,1.20329260372019,1.1980478701629,1.19934527249317,0,0
263,-0.00812522133884769,4.4325979567952e-06,1.19602461099859,1.19497952720914,1.2005166536517,1.19947423930222,0,0
264,-0.00179683806801584,-1.01267620066623e-06,1.20027903953201,1.20104034150466,1.19945147494567,1.20021262104722,0,0
265,0.00457858537218981,-7.09993481328636e-06,1.21000976058803,1.20727267598073,1.20178646269175,1.19904045907125,0,0
266,0.00147959934367564,-1.20971014818636e-05,1.21277717814478,1.21317180884764,1.19869995359096,1.19911669758259,0,0
267,0.00749646290266211,-1.67301121114632e-05,1.22153620706686,1.21806931793932,1.20409333430146,1.20062770786309,0,0
268,0.00331338323685651,1.23517978024377e-05,1.18815680355305,1.18679199440999,1.20112021920065,1.199773674011,0,0
269,-0.00930340362562351,-5.74208915476822e-06,1.20470080625299,1.2065901977677,1.19785239282994,1.19974557953309,0,0
270,0.00452086623011043,1.48234936195871e-05,1.18471619799115,1.18460643632864,1.20063656429555,1.20051577048969,0,0
271,-0.00447551424214632,-1.31147665944758e-05,1.21384104288816,1.21446916455754,1.19970050088143,1.20032408126712,0,0
272,-0.00373009353282764,-1.86224379934243e-05,1.22025818906889,1.21998495454357,1.19913143264017,1.19885178076735,0,0
273,0.000444754593240366,-9.63942148793007e-06,1.20989120740759,1.21027372722665,1.19963133877388,1.20001712798677,0,0
274,0.00343319816314685,-1.11172422273875e-05,1.21142645949361,1.2119690375033,1.19871420608105,1.19926580841876,0,0
275,-0.00297485140893446,1.22016151042885e-05,1.18522980437709,1.18717863552385,1.19813690367185,1.20007438898281,0,0
276,0.00906394189853955,1.24103447802285e-05,1.18482618578173,1.18649178305014,1.19855982112834,1.20021731077245,0,0
277,0.00205375135941578,8.18295295454808e-06,1.19024590868929,1.19109454141233,1.19929132003755,1.20015006994196,0,0
278,0.00082956668551752,6.85220230085473e-06,1.19316989636713,1.192577977536,1.20108488261199,1.20049447594761,0,0
279,-0.00629670015482762,1.07994363009197e-05,1.18686464024529,1.18817549065739,1.1986394552648,1.1999575728526,0,0
280,0.00624624761541448,2.38871630064565e-06,1.19739202822533,1.19659745311964,1.19968723912654,1.19889534473448,0,0
281,-0.00828727806653549,1.64244850918739e-05,1.18120221320344,1.18170323170284,1.19714008677911,1.19764467152543,0,0
282,-0.000977979089637115,-1.60972218213606e-06,1.20330651078749,1.20164695420197,1.20049397923872,1.19883565259249,0,0
283,-0.00139425706550572,8.60924391704115e-06,1.19301446428679,1.19084136989622,1.20194392173712,1.19975996706365,0,0
284,0.00927617834123098,1.1522179253684e-05,1.18727667063101,1.18787123348151,1.19888252499868,1.19946637339265,0,0
285,0.00899797673295023,1.96283385216927e-05,1.17854060268901,1.1794290301683,1.19992554672214,1.20080460896133,0,0
286,-0.00175094193065344,8.09963964642185e-06,1.19352657711842,1.191203497708,1.20162248465469,1.19929999497383,0,0
287,0.0076530792160081,-1.60215443408939e-05,1.21969407387859,1.21758397361878,1.2030832912425,1.20097119518187,0,0
288,-0.000836530585829964,-2.3476750399502e-06,1.20134338393051,1.20256611321391,1.19902776782086,1.20025053367057,0,0
289,0.00616561473625214,-5.12777840388946e-06,1.20334667786182,1.20473939051016,1.19579226777641,1.19718118155175,0,0
290,0.00433862916259404,6.57469938442783e-07,1.19716275311815,1.19908230352249,1.19683357409529,1.19875328320874,0,0
291,-0.00568377526867208,4.29004615436116e-06,1.19455836982548,1.19542060236113,1.1993684532626,1.20023538028366,0,0
292,-0.00886257133553291,-1.30669820404393e-05,1.21406675834885,1.21428498016763,1.20170431498105,1.20191510031958,0,0
293,-0.0063234117614899,-4.38874205307864e-06,1.20522798610697,1.20499779984708,1.199408563709,1.19917364381367,0,0
294,-0.00366026864207304,6.45969505665192e-07,1.19788073480884,1.1990575625678,1.19870938028009,1.19988678285447,0,0
295,0.00762656491026975,-1.21090177567101e-05,1.21288587904883,1.21294575380862,1.19938550046219,1.1994721869762,0,0
296,-0.0016328865893605,1.39148721970036e-05,1.18386014680455,1.18464184609939,1.19903995685426,1.1998296912731,0,0
297,0.00166488693761042,1.05278032316212e-05,1.18792143796867,1.18845981170835,1.19877879278368,1.19932357169978,0,0
298,-0.00498582029541351,1.9566093167445e-05,1.17917307950113,1.17862727841915,1.20050726341379,1.19997050901966,0,0
299,-0.00564192520982997,1.85575552282769e-05,1.18284123451811,1.17991838717406,1.201869476408,1.19896141450445,0,0
300,-0.00511160593813013,-1.54427851786575e-05,1.215150043307,1.21674197389323,1.1968267271322,1.19842394261335,0,0
301,0.00475749182742211,1.43584863462374e-05,1.18409102628756,1.1847078560473,1.19952691081719,1.20012676938325,0,0
302,-0.00277735926575581,-1.14250418532542e-05,1.21370929851426,1.21283940315888,1.20093269849227,1.20005383707414,0,0
303,0.00623563313480746,3.46494942297112e-06,1.19514947256148,1.1968748800606,1.1994166072049,1.20114177743384,0,0
304,-0.00576636576770695,9.65028347438714e-07,1.19774241989425,1.1991873018138,1.19890549219982,1.20035032019841,0,0
305,-0.00723227120452952,-3.17889249202142e-06,1.20314459099938,1.20347815987096,1.19915159143388,1.19948223878035,0,0
306,0.00668272841484112,-5.2982504451188e-06,1.20583887621577,1.20593820399317,1.19878068867355,1.19887351020718,0,0
307,0.00817548975175604,-2.84672885151728e-06,1.20143476194335,1.20288129273077,1.19815237654791,1.19960169774254,0,0
308,-0.00309684407295986,-1.3659368220999e-05,1.21354704268359,1.21552577001067,1.19976498296518,1.20173512329169,0,0
309,0.000226250822297163,-8.07543084140208e-06,1.21282980374653,1.20892228357568,1.20357595910271,1.19965713604623,0,0
310,-0.00682470554307511,7.30674159270855e-06,1.1908776919626,1.19192559352598,1.19985545842981,1.20089911537127,0,0
311,0.00752230712830534,1.65516951326022e-05,1.181883578995,1.18254819387796,1.19823330582005,1.19889456629568,0,0
312,0.00324134184775144,1.15655832174269e-05,1.18935602052604,1.18748624498469,1.20118415173003,1.19931699312011,0,0
313,0.000815879184965385,9.21878218843916e-06,1.19019069736083,1.18993467058813,1.19991745716647,1.19965714552672,0,0
314,0.00227188156755221,-1.46121820754488e-05,1.21678776791211,1.21535767342649,1.20110073847019,1.19964971517759,0,0
315,0.00774716275230572,-1.6987319321083e-05,1.21498689306198,1.21825047474033,1.196248346213,1.19949921723822,0,0
316,-0.00645810301644131,1.15019465212289e-05,1.18836197785483,1.18719752048794,1.20047914385448,1.19931319317881,0,0
317,-0.00270365068031204,2.31117377593173e-06,1.19748895282271,1.19741650598526,1.19980285055476,1.19973460069976,0,0
318,-0.00361865043174656,1.04182188592885e-06,1.19747396800178,1.19865808871367,1.19830389725637,1.19948710632507,0,0
319,-0.00390127307206476,6.30514598152836e-06,1.19185863638019,1.19320107661016,1.1978238552378,1.19916537523753,0,0
320,0.00513651228154704,-1.22787070775942e-05,1.21266933690447,1.21345821404619,1.19965214706698,1.20044288492733,0,0
321,-0.00676247206908961,-1.47064182259186e-05,1.21447742710925,1.21567452643049,1.19847101146563,1.19965805083569,0,0
322,-0.0072897774539573,-2.93798886199121e-06,1.2032199430062,1.20363119604908,1.20105440758783,1.20146568826551,0,0
323,-0.00697365974711698,9.79150550451165e-06,1.18955192872172,1.18968592255474,1.20034381905372,1.20047616906609,0,0
324,0.00841952942150426,1.6411249902834e-05,1.1838978029854,1.18257335954691,1.20086946180938,1.19955965817521,0,0
325,-0.00261105386371514,2.75107266277995e-06,1.19461345428241,1.19750146546438,1.19710103104856,1.19998487701399,0,0
326,-0.00123983368771356,-1.09143220822289e-05,1.21169664989793,1.21177315291045,1.1982545443124,1.19834532400676,0,0
327,0.00480843233198212,-1.54760256885679e-05,1.21735922461017,1.216452462381,1.20167394774304,1.20077993791896,0,0
328,-0.00672908400300998,1.14560934453904e-05,1.18515058636058,1.18688061606899,1.1982750874452,1.19999793591997,0,0
329,0.0086578751761102,1.79277142727208e-05,1.18275220716868,1.18105136056501,1.20298706883136,1.20129446072642,0,0
330,-0.00297387159079031,-1.20791544697282e-05,1.21317865211466,1.21324208717431,1.20038144072512,1.20045136581172,0,0
331,-0.00678613291981232,1.92843249304876e-05,1.18127181778208,1.17881675789852,1.20200138517364,1.19954085116366,0,0
332,0.00637173951682093,-1.1909251366338e-05,1.21604925247265,1.21298445835446,1.20386287731108,1.20080687887351,0,0
333,0.00655434906137527,-1.96783907518124e-05,1.22193457953672,1.22128162450563,1.19949938238208,1.19887483803672,0,0
334,0.000552979638833153,1.09578924872967e-05,1.18829634948021,1.18829551855567,1.20099774952649,1.20098616607828,0,0
335,-0.00369679335742501,-1.65137088889786e-05,1.21881471820203,1.21762064873839,1.20134859543855,1.20014955198266,0,0
336,0.00836570490774056,-2.78524739042568e-06,1.20462218250595,1.203015948992,1.20068936368113,1.19908181610355,0,0
337,-0.00456520657102663,-9.375227674888e-06,1.21159144652082,1.2102770788994,1.20096136493423,1.19963575209343,0,0
338,-0.0089759957250247,3.33130627276864e-06,1.19871504233,1.19654616205208,1.20154511140113,1.19937762697913,0,0
339,0.00399102576033519,4.91596074116537e-06,1.19726734797939,1.19470134290317,1.20268793146697,1.20012546565832,0,0
340,-0.00829616912855136,-7.59884369178546e-06,1.20825770765174,1.20833175401106,1.19974908546085,1.19982167270244,0,0
341,0.00178061186162171,-7.21526552460335e-06,1.20671835887541,1.20772188936173,1.19862357846666,1.19962887154973,0,0
342,-0.00927903761485507,-1.80758368611297e-05,1.2203935940938,1.22012905562126,1.20048121412421,1.20021068461494,0,0
343,0.00103061345305018,-1.992457425641e-05,1.22479557018505,1.22131559854807,1.2042233517199,1.20076124305976,0,0
344,0.00438210939053349,1.07367561645938e-05,1.18759102258416,1.18846936888382,1.19892668742116,1.19979602146595,0,0
345,-0.00952721204969735,1.49351643549844e-06,1.19885717532441,1.19868687810897,1.19985701747853,1.19968726036091,0,0
346,-0.00394240606610596,1.58387235479774e-05,1.18337814296845,1.18294283844425,1.20122955985242,1.20080685613222,0,0
347,-0.0062722357201641,1.45572634290117e-05,1.18474657514185,1.18396084075486,1.20099761817519,1.20021581167784,0,0
348,-0.00623389159993571,1.98613682520256e-05,1.17697939698347,1.177944286327,1.1982029832684,1.19914620377009,0,0
349,0.00425375895231513,-1.08298031487983e-06,1.2001099452652,1.20134901245027,1.19829805745081,1.19953956778829,0,0
350,-0.00508569626884545,-1.36092489462397e-05,1.21471489133545,1.21435546329798,1.19923396880392,1.19886954285865,0,0
351,-0.00876674132096414,-1.49765587398804e-05,1.22028956196512,1.21638480322784,1.20491141168785,1.20100008911322,0,0
352,-0.00953597994090082,1.98288138246788e-05,1.1764915733711,1.17794821187712,1.1977824519411,1.19922761972239,0,0
353,0.00867302654067734,1.21192746665128e-05,1.19121371467749,1.18720224465148,1.20444970359339,1.20044466515589,0,0
354,-0.00540021468485815,-1.86632558220537e-05,1.21922239667481,1.22057918580037,1.19888752307202,1.20023579110516,0,0
355,-0.0017481222236047,-5.61865977199774e-07,1.19936277336308,1.20079294754727,1.19820405796442,1.19963443604782,0,0
356,0.00874216768853291,-7.58346912769339e-07,1.20056756426052,1.201027203371,1.20007563809593,1.20053571774245,0,0
357,0.00842688393192024,1.87391014978416e-05,1.17937508453131,1.17981694691666,1.19913415734502,1.19957569922345,0,0
358,-0.00271281652072988,-1.63956837610261e-05,1.21898150342684,1.21758432512208,1.20368629599528,1.20228869003075,0,0
359,-0.00537150864603818,1.15406884128058e-06,1.19850038389431,1.19880268979622,1.20032689305524,1.2006298629503,0,0
360,0.00305877934424503,2.73149059562895e-06,1.19660408790369,1.19649643834192,1.19923840601994,1.19913128882561,0,0
361,-0.000820999891004976,1.36832446975245e-05,1.18170230246525,1.185478730433,1.19637187074089,1.20015719435229,0,0
362,-0.00781350907281768,-1.161867925347e-05,1.21063929994784,1.21304972390196,1.19877927970327,1.20119709697257,0,0
363,-0.00788376483406687,-1.27883828777634e-05,1.21625763836398,1.21404743268853,1.2027377510344,1.20052706375777,0,0
364,0.00263914464773918,-1.28613859609155e-05,1.21787112217744,1.21362079436223,1.20383975791843,1.19957908088282,0,0
365,-0.00717747148123515,-7.75647275008278e-06,1.20865359644211,1.20792964901825,1.19965646292162,1.19892915709875,0,0
366,0.00290728767391153,1.2206488981185e-05,1.18722285464859,1.18621037723547,1.19904928321976,1.19804351631941,0,0
367,0.00480960620620326,-1.75871387637488e-05,1.21813180171944,1.21876431209471,1.20032281369038,1.20093864966754,0,0
368,-0.00419713812633379,-9.55685740910312e-06,1.20827761848981,1.21056549980428,1.19829776928803,1.20059085486858,0,0
369,-0.00804488886802576,-1.22973394474212e-05,1.21128950791563,1.21325447791156,1.19708944841971,1.19906444127145,0,0
370,0.00369573036924612,-8.41382652026581e-06,1.20837860845044,1.20895789736684,1.19896936623396,1.1995576357576,0,0
371,0.00286327395757577,-6.17833685782435e-06,1.20735922460909,1.20657368128808,1.20060065542287,1.199811620777,0,0
372,0.000603902015020776,-1.00233608965994e-05,1.21022206109341,1.21089902664133,1.19962496654449,1.20030982241224,0,0
373,-0.00724381387172761,-1.66578357341183e-05,1.21724670462995,1.2183152095409,1.1998765937089,1.20094454111317,0,0
374,-0.00541661245546977,4.33453350762215e-06,1.19735495308853,1.19572023927005,1.20283089495162,1.20119795706335,0,0
375,-0.00414986415615531,-1.93455770435645e-05,1.21960962475264,1.22098150161211,1.19840921370303,1.19982624137844,0,0
376,-0.00393158017917246,1.1465827536627e-05,1.18900908971301,1.18764884070354,1.20059634449209,1.19923549279769,0,0
377,0.00626508840080209,-3.54498347779689e-06,1.20074733774939,1.20367165059667,1.19663452606214,1.19956321453267,0,0
378,0.00377335609558695,-6.32981043161736e-06,1.20702806832379,1.20698506468965,1.20043911110656,1.2003920913378,0,0
379,0.00842084224555524,-1.20772056452959e-05,1.2148197631203,1.21319243431582,1.2033392066386,1.20169495604475,0,0
380,4.86533750649132e-05,-3.90463344932249e-06,1.2034957834905,1.20412043611355,1.19902972548709,1.19965601721799,0,0
381,0.00492312369264818,-1.49493799844091e-05,1.21300593180508,1.21611481698355,1.19765627294214,1.20077659867733,0,0
382,-0.000630413580454763,-1.0678705692789e-05,1.21113147245889,1.21181065359428,1.20002404450914,1.20071055621253,0,0
383,0.0040760739513718,1.5082472527636e-05,1.18448547913002,1.1837813160947,1.20089506376319,1.20019510457055,0,0
384,0.00241299448218034,-2.38851130273049e-06,1.20256472627953,1.20232984970535,1.19976157223888,1.19952692165119,0,0
385,-0.00458441734391853,-2.22018413029674e-06,1.20319419660419,1.20257843637609,1.20120171310903,1.20058595623472,0,0
386,-0.00673730433436499,-4.17567262635115e-06,1.20234033625746,1.20449539904763,1.19850580952906,1.20066583619128,0,0
387,0.000686838272675407,-6.39968327564056e-07,1.20284849196355,1.20058682135531,1.20235282700412,1.200091316581,0,0
388,0.00697083739357216,-1.6505119611296e-05,1.21748385137534,1.21828151150261,1.20104000720336,1.20182172298806,0,0
389,-0.0031247498143239,8.33800570384153e-07,1.19780585500557,1.19900201589633,1.19846869577792,1.1996648610668,0,0
390,0.00935674886040652,-9.79668372003343e-06,1.21034578474159,1.21018347493023,1.20065758464642,1.20050517440305,0,0
391,-0.00736277168415215,1.79027430072684e-05,1.17963136575404,1.18061819055495,1.19837943695375,1.19937001003087,0,0
392,0.00934600253166324,-1.76277790286038e-05,1.22032160647303,1.21882936191044,1.2014294107909,1.19994273912845,0,0
393,0.00181919271742274,-4.80554979150036e-07,1.19643021483898,1.20012942380184,1.19709036427251,1.20078930462093,0,0
394,0.00163983080620004,-6.55419153688465e-06,1.20525124724036,1.20675508060967,1.1968384747719,1.19833228902685,0,0
395,-0.00881497600429412,-1.55235163866357e-05,1.21748318488629,1.21730387602299,1.19945270814203,1.19925068929593,0,0
396,-0.00870951098276881,-7.13107278795496e-06,1.20918881592971,1.20807172296782,1.20150633784158,1.20039332143918,0,0
397,-0.00799744322175074,-1.17942952997247e-05,1.2131254366782,1.21232505278449,1.19943911315017,1.19864010133471,0,0
398,0.0021616391391669,-1.3652391707302e-05,1.21567071455421,1.21492974352655,1.20097221693028,1.20021627532405,0,0
399,0.00411639769666637,5.2066615576207e-06,1.19543624178238,1.19441412682775,1.20053157531586,1.19950925322283,0,0
400,0.00231530137947151,-8.02846520247263e-06,1.2121195203762,1.20875356294274,1.20369743586652,1.20033319225847,0,0
