VDS_V,I_model_VGS_1.0V_A,I_model_VGS_1.5V_A,I_model_VGS_2.0V_A,I_model_VGS_2.5V_A,I_model_VGS_3.0V_A,I_model_VGS_3.5V_A
0,0,0,0,0,0,0
0.025,0,1.43821875e-05,3.93946875e-05,6.44071875e-05,8.94196875e-05,0.0001144321875
0.05,0,2.75275e-05,7.75775e-05,0.0001276275,0.0001776775,0.0002277275
0.075,0,3.94340625e-05,0.0001145465625,0.0001896590625,0.0002647715625,0.0003398840625
0.1,0,5.01e-05,0.0001503,0.0002505,0.0003507,0.0004509
0.125,0,5.95234375e-05,0.0001848359375,0.0003101484375,0.0004354609375,0.0005607734375
0.15,0,6.77025e-05,0.0002181525,0.0003686025,0.0005190525,0.0006695025
0.175,0,7.46353125e-05,0.0002502478125,0.0004258603125,0.0006014728125,0.0007770853125
0.2,0,8.032e-05,0.00028112,0.00048192,0.00068272,0.00088352
0.225,0,8.47546875e-05,0.0003107671875,0.0005367796875,0.0007627921875,0.0009888046875
0.25,0,8.79375e-05,0.0003391875,0.0005904375,0.0008416875,0.0010929375
0.275,0,8.98665625e-05,0.0003663790625,0.0006428915625,0.0009194040625,0.0011959165625
0.3,0,9.054e-05,0.00039234,0.00069414,0.00099594,0.00129774
0.325,0,9.0585e-05,0.0004170684375,0.0007441809375,0.0010712934375,0.0013984059375
0.35,0,9.063e-05,0.0004405625,0.0007930125,0.0011454625,0.0014979125
0.375,0,9.0675e-05,0.0004628203125,0.0008406328125,0.0012184453125,0.0015962578125
0.4,0,9.072e-05,0.00048384,0.00088704,0.00129024,0.00169344
0.425,0,9.0765e-05,0.0005036196875,0.0009322321875,0.0013608446875,0.0017894571875
0.45,0,9.081e-05,0.0005221575,0.0009762075,0.0014302575,0.0018843075
0.475,0,9.0855e-05,0.0005394515625,0.0010189640625,0.0014984765625,0.0019779890625
0.5,0,9.09e-05,0.0005555,0.0010605,0.0015655,0.0020705
0.525,0,9.0945e-05,0.0005703009375,0.0011008134375,0.0016313259375,0.0021618384375
0.55,0,9.099e-05,0.0005838525,0.0011399025,0.0016959525,0.0022520025
0.575,0,9.1035e-05,0.0005961528125,0.0011777653125,0.0017593778125,0.0023409903125
0.6,0,9.108e-05,0.0006072,0.0012144,0.0018216,0.0024288
0.625,0,9.1125e-05,0.0006169921875,0.0012498046875,0.0018826171875,0.0025154296875
0.65,0,9.117e-05,0.0006255275,0.0012839775,0.0019424275,0.0026008775
0.675,0,9.1215e-05,0.0006328040625,0.0013169165625,0.0020010290625,0.0026851415625
0.7,0,9.126e-05,0.00063882,0.00134862,0.00205842,0.00276822
0.725,0,9.1305e-05,0.0006435734375,0.0013790859375,0.0021145984375,0.0028501109375
0.75,0,9.135e-05,0.0006470625,0.0014083125,0.0021695625,0.0029308125
0.775,0,9.1395e-05,0.0006492853125,0.0014362978125,0.0022233103125,0.0030103228125
0.8,0,9.144e-05,0.00065024,0.00146304,0.00227584,0.00308864
0.825,0,9.1485e-05,0.00065056,0.0014885371875,0.0023271496875,0.0031657621875
0.85,0,9.153e-05,0.00065088,0.0015127875,0.0023772375,0.0032416875
0.875,0,9.1575e-05,0.0006512,0.0015357890625,0.0024261015625,0.0033164140625
0.9,0,9.162e-05,0.00065152,0.00155754,0.00247374,0.00338994
0.925,0,9.1665e-05,0.00065184,0.0015780384375,0.0025201509375,0.0034622634375
0.95,0,9.171e-05,0.00065216,0.0015972825,0.0025653325,0.0035333825
0.975,0,9.1755e-05,0.00065248,0.0016152703125,0.0026092828125,0.0036032953125
1,0,9.18e-05,0.0006528,0.001632,0.002652,0.003672
1.025,0,9.1845e-05,0.00065312,0.0016474696875,0.0026934821875,0.0037394946875
1.05,0,9.189e-05,0.00065344,0.0016616775,0.0027337275,0.0038057775
1.075,0,9.1935e-05,0.00065376,0.0016746215625,0.0027727340625,0.0038708465625
1.1,0,9.198e-05,0.00065408,0.0016863,0.0028105,0.0039347
1.125,0,9.2025e-05,0.0006544,0.0016967109375,0.0028470234375,0.0039973359375
1.15,0,9.207e-05,0.00065472,0.0017058525,0.0028823025,0.0040587525
1.175,0,9.2115e-05,0.00065504,0.0017137228125,0.0029163353125,0.0041189478125
1.2,0,9.216e-05,0.00065536,0.00172032,0.00294912,0.00417792
1.225,0,9.2205e-05,0.00065568,0.0017256421875,0.0029806546875,0.0042356671875
1.25,0,9.225e-05,0.000656,0.0017296875,0.0030109375,0.0042921875
1.275,0,9.2295e-05,0.00065632,0.0017324540625,0.0030399665625,0.0043474790625
1.3,0,9.234e-05,0.00065664,0.00173394,0.00306774,0.00440154
1.325,0,9.2385e-05,0.00065696,0.001734785,0.0030942559375,0.0044543684375
1.35,0,9.243e-05,0.00065728,0.00173563,0.0031195125,0.0045059625
1.375,0,9.2475e-05,0.0006576,0.001736475,0.0031435078125,0.0045563203125
1.4,0,9.252e-05,0.00065792,0.00173732,0.00316624,0.00460544
1.425,0,9.2565e-05,0.00065824,0.001738165,0.0031877071875,0.0046533196875
1.45,0,9.261e-05,0.00065856,0.00173901,0.0032079075,0.0046999575
1.475,0,9.2655e-05,0.00065888,0.001739855,0.0032268390625,0.0047453515625
1.5,0,9.27e-05,0.0006592,0.0017407,0.0032445,0.0047895
1.525,0,9.2745e-05,0.00065952,0.001741545,0.0032608884375,0.0048324009375
1.55,0,9.279e-05,0.00065984,0.00174239,0.0032760025,0.0048740525
1.575,0,9.2835e-05,0.00066016,0.001743235,0.0032898403125,0.0049144528125
1.6,0,9.288e-05,0.00066048,0.00174408,0.0033024,0.0049536
1.625,0,9.2925e-05,0.0006608,0.001744925,0.0033136796875,0.0049914921875
1.65,0,9.297e-05,0.00066112,0.00174577,0.0033236775,0.0050281275
1.675,0,9.3015e-05,0.00066144,0.001746615,0.0033323915625,0.0050635040625
1.7,0,9.306e-05,0.00066176,0.00174746,0.00333982,0.00509762
1.725,0,9.3105e-05,0.00066208,0.001748305,0.0033459609375,0.0051304734375
1.75,0,9.315e-05,0.0006624,0.00174915,0.0033508125,0.0051620625
1.775,0,9.3195e-05,0.00066272,0.001749995,0.0033543728125,0.0051923853125
1.8,0,9.324e-05,0.00066304,0.00175084,0.00335664,0.00522144
1.825,0,9.3285e-05,0.00066336,0.001751685,0.00335826,0.0052492246875
1.85,0,9.333e-05,0.00066368,0.00175253,0.00335988,0.0052757375
1.875,0,9.3375e-05,0.000664,0.001753375,0.0033615,0.0053009765625
1.9,0,9.342e-05,0.00066432,0.00175422,0.00336312,0.00532494
1.925,0,9.3465e-05,0.00066464,0.001755065,0.00336474,0.0053476259375
1.95,0,9.351e-05,0.00066496,0.00175591,0.00336636,0.0053690325
1.975,0,9.3555e-05,0.00066528,0.001756755,0.00336798,0.0053891578125
2,0,9.36e-05,0.0006656,0.0017576,0.0033696,0.005408
2.025,0,9.3645e-05,0.00066592,0.001758445,0.00337122,0.0054255571875
2.05,0,9.369e-05,0.00066624,0.00175929,0.00337284,0.0054418275
2.075,0,9.3735e-05,0.00066656,0.001760135,0.00337446,0.0054568090625
2.1,0,9.378e-05,0.00066688,0.00176098,0.00337608,0.0054705
2.125,0,9.3825e-05,0.0006672,0.001761825,0.0033777,0.0054828984375
2.15,0,9.387e-05,0.00066752,0.00176267,0.00337932,0.0054940025
2.175,0,9.3915e-05,0.00066784,0.001763515,0.00338094,0.0055038103125
2.2,0,9.396e-05,0.00066816,0.00176436,0.00338256,0.00551232
2.225,0,9.4005e-05,0.00066848,0.001765205,0.00338418,0.0055195296875
2.25,0,9.405e-05,0.0006688,0.00176605,0.0033858,0.0055254375
2.275,0,9.4095e-05,0.00066912,0.001766895,0.00338742,0.0055300415625
2.3,0,9.414e-05,0.00066944,0.00176774,0.00338904,0.00553334
2.325,0,9.4185e-05,0.00066976,0.001768585,0.00339066,0.005535985
2.35,0,9.423e-05,0.00067008,0.00176943,0.00339228,0.00553863
2.375,0,9.4275e-05,0.0006704,0.001770275,0.0033939,0.005541275
2.4,0,9.432e-05,0.00067072,0.00177112,0.00339552,0.00554392
2.425,0,9.4365e-05,0.00067104,0.001771965,0.00339714,0.005546565
2.45,0,9.441e-05,0.00067136,0.00177281,0.00339876,0.00554921
2.475,0,9.4455e-05,0.00067168,0.001773655,0.00340038,0.005551855
2.5,0,9.45e-05,0.000672,0.0017745,0.003402,0.0055545
2.525,0,9.4545e-05,0.00067232,0.001775345,0.00340362,0.005557145
2.55,0,9.459e-05,0.00067264,0.00177619,0.00340524,0.00555979
2.575,0,9.4635e-05,0.00067296,0.001777035,0.00340686,0.005562435
2.6,0,9.468e-05,0.00067328,0.00177788,0.00340848,0.00556508
2.625,0,9.4725e-05,0.0006736,0.001778725,0.0034101,0.005567725
2.65,0,9.477e-05,0.00067392,0.00177957,0.00341172,0.00557037
2.675,0,9.4815e-05,0.00067424,0.001780415,0.00341334,0.005573015
2.7,0,9.486e-05,0.00067456,0.00178126,0.00341496,0.00557566
2.725,0,9.4905e-05,0.00067488,0.001782105,0.00341658,0.005578305
2.75,0,9.495e-05,0.0006752,0.00178295,0.0034182,0.00558095
2.775,0,9.4995e-05,0.00067552,0.001783795,0.00341982,0.005583595
2.8,0,9.504e-05,0.00067584,0.00178464,0.00342144,0.00558624
2.825,0,9.5085e-05,0.00067616,0.001785485,0.00342306,0.005588885
2.85,0,9.513e-05,0.00067648,0.00178633,0.00342468,0.00559153
2.875,0,9.51750000000001e-05,0.0006768,0.001787175,0.0034263,0.005594175
2.9,0,9.522e-05,0.00067712,0.00178802,0.00342792,0.00559682
2.925,0,9.5265e-05,0.00067744,0.001788865,0.00342954,0.005599465
2.95,0,9.531e-05,0.00067776,0.00178971,0.00343116,0.00560211
2.975,0,9.5355e-05,0.00067808,0.001790555,0.00343278,0.005604755
3,0,9.54e-05,0.0006784,0.0017914,0.0034344,0.0056074
