VGS_V,VDS_V,I_model_A
0,3,0
0.02,3,0
0.040000000000000001,3,0
0.059999999999999998,3,0
0.080000000000000002,3,0
0.10000000000000001,3,0
0.12,3,0
0.14000000000000001,3,0
0.16,3,0
0.17999999999999999,3,0
0.20000000000000001,3,0
0.22,3,0
0.23999999999999999,3,0
0.26000000000000001,3,0
0.28000000000000003,3,0
0.29999999999999999,3,0
0.32000000000000001,3,0
0.34000000000000002,3,0
0.35999999999999999,3,0
0.38,3,0
0.40000000000000002,3,0
0.41999999999999998,3,0
0.44,3,0
0.46000000000000002,3,0
0.47999999999999998,3,0
0.5,3,0
0.52000000000000002,3,0
0.54000000000000004,3,0
0.56000000000000005,3,0
0.57999999999999996,3,0
0.59999999999999998,3,0
0.62,3,0
0.64000000000000001,3,0
0.66000000000000003,3,0
0.68000000000000005,3,0
0.70000000000000007,3,0
0.71999999999999997,3,0
0.73999999999999999,3,0
0.76000000000000001,3,0
0.78000000000000003,3,0
0.80000000000000004,3,0
0.82000000000000006,3,0
0.83999999999999997,3,0
0.85999999999999999,3,0
0.88,3,0
0.90000000000000002,3,0
0.92000000000000004,3,0
0.94000000000000006,3,0
0.95999999999999996,3,0
0.97999999999999998,3,0
1,3,0
1.02,3,0
1.04,3,0
1.0600000000000001,3,0
1.0800000000000001,3,0
1.1000000000000001,3,0
1.1200000000000001,3,0
1.1400000000000001,3,0
1.1599999999999999,3,0
1.1799999999999999,3,0
1.2,3,0
1.22,3,4.2400000000000078e-07
1.24,3,1.6960000000000031e-06
1.26,3,3.8160000000000072e-06
1.28,3,6.7840000000000125e-06
1.3,3,1.0600000000000019e-05
1.3200000000000001,3,1.5264000000000029e-05
1.3400000000000001,3,2.077600000000004e-05
1.3600000000000001,3,2.713600000000005e-05
1.3800000000000001,3,3.434400000000007e-05
1.4000000000000001,3,4.2400000000000075e-05
1.4199999999999999,3,5.1303999999999995e-05
1.4399999999999999,3,6.1056000000000006e-05
1.46,3,7.1656000000000006e-05
1.48,3,8.3104000000000009e-05
1.5,3,9.5400000000000042e-05
1.52,3,0.00010854400000000006
1.54,3,0.00012253600000000007
1.5600000000000001,3,0.00013737600000000009
1.5800000000000001,3,0.00015306400000000012
1.6000000000000001,3,0.00016960000000000014
1.6200000000000001,3,0.00018698400000000015
1.6400000000000001,3,0.00020521600000000017
1.6600000000000001,3,0.00022429600000000021
1.6799999999999999,3,0.00024422400000000003
1.7,3,0.00026500000000000004
1.72,3,0.00028662400000000003
1.74,3,0.00030909600000000008
1.76,3,0.00033241600000000004
1.78,3,0.00035658400000000012
1.8,3,0.00038160000000000017
1.8200000000000001,3,0.00040746400000000018
1.8400000000000001,3,0.00043417600000000026
1.8600000000000001,3,0.0004617360000000003
1.8800000000000001,3,0.0004901440000000003
1.9000000000000001,3,0.00051940000000000037
1.9199999999999999,3,0.00054950400000000003
1.9399999999999999,3,0.00058045600000000003
1.96,3,0.00061225600000000004
1.98,3,0.00064490400000000007
2,3,0.00067840000000000023
2.02,3,0.00071274400000000007
2.04,3,0.00074793600000000015
2.0600000000000001,3,0.00078397600000000025
2.0800000000000001,3,0.00082086400000000025
2.1000000000000001,3,0.00085860000000000038
2.1200000000000001,3,0.00089718400000000041
2.1400000000000001,3,0.00093661600000000036
2.1600000000000001,3,0.00097689600000000032
2.1800000000000002,3,0.0010180240000000004
2.2000000000000002,3,0.0010600000000000006
2.2200000000000002,3,0.0011028240000000005
2.2400000000000002,3,0.0011464960000000005
2.2600000000000002,3,0.0011910160000000007
2.2800000000000002,3,0.0012363840000000007
2.3000000000000003,3,0.0012826000000000007
2.3199999999999998,3,0.0013296639999999997
2.3399999999999999,3,0.0013775759999999999
2.3599999999999999,3,0.0014263360000000001
2.3799999999999999,3,0.0014759439999999999
2.3999999999999999,3,0.0015264
2.4199999999999999,3,0.0015777040000000001
2.4399999999999999,3,0.0016298560000000001
2.46,3,0.0016828560000000004
2.48,3,0.0017367040000000002
2.5,3,0.0017914000000000003
2.52,3,0.0018469440000000003
2.54,3,0.0019033360000000005
2.5600000000000001,3,0.0019605760000000003
2.5800000000000001,3,0.0020186640000000003
2.6000000000000001,3,0.0020776000000000006
2.6200000000000001,3,0.0021373840000000009
2.6400000000000001,3,0.0021980160000000006
2.6600000000000001,3,0.002259496000000001
2.6800000000000002,3,0.002321824000000001
2.7000000000000002,3,0.0023850000000000013
2.7200000000000002,3,0.0024490240000000015
2.7400000000000002,3,0.0025138960000000011
2.7600000000000002,3,0.0025796160000000007
2.7800000000000002,3,0.0026461840000000011
2.8000000000000003,3,0.0027136000000000013
2.8199999999999998,3,0.0027818639999999998
2.8399999999999999,3,0.0028509759999999994
2.8599999999999999,3,0.0029209360000000003
2.8799999999999999,3,0.0029917439999999997
2.8999999999999999,3,0.0030634
2.9199999999999999,3,0.0031359040000000001
2.9399999999999999,3,0.0032092560000000002
2.96,3,0.0032834560000000001
2.98,3,0.003358504
3,3,0.0034344000000000006
3.02,3,0.0035111440000000008
3.04,3,0.0035887360000000004
3.0600000000000001,3,0.0036671760000000007
3.0800000000000001,3,0.003746464000000001
3.1000000000000001,3,0.0038266000000000007
3.1200000000000001,3,0.0039075840000000013
3.1400000000000001,3,0.0039894160000000008
3.1600000000000001,3,0.0040720960000000007
3.1800000000000002,3,0.004155624000000001
3.2000000000000002,3,0.0042400000000000007
3.2200000000000002,3,0.0043252240000000025
3.2400000000000002,3,0.0044112959999999994
3.2600000000000002,3,0.0044982160000000028
3.2800000000000002,3,0.0045859840000000004
3.3000000000000003,3,0.0046746000000000018
3.3200000000000003,3,0.004764064000000001
3.3399999999999999,3,0.0048543759999999988
3.3599999999999999,3,0.0049455360000000012
3.3799999999999999,3,0.0050375439999999988
3.3999999999999999,3,0.0051304000000000011
3.4199999999999999,3,0.0052241039999999994
3.4399999999999999,3,0.0053186560000000006
3.46,3,0.0054140559999999987
3.48,3,0.0055103040000000015
3.5,3,0.0056074000000000002
1,0,0
1,0.025000000000000001,0
1,0.050000000000000003,0
1,0.075000000000000011,0
1,0.10000000000000001,0
1,0.125,0
1,0.15000000000000002,0
1,0.17500000000000002,0
1,0.20000000000000001,0
1,0.22500000000000001,0
1,0.25,0
1,0.27500000000000002,0
1,0.30000000000000004,0
1,0.32500000000000001,0
1,0.35000000000000003,0
1,0.375,0
1,0.40000000000000002,0
1,0.42500000000000004,0
1,0.45000000000000001,0
1,0.47500000000000003,0
1,0.5,0
1,0.52500000000000002,0
1,0.55000000000000004,0
1,0.57500000000000007,0
1,0.60000000000000009,0
1,0.625,0
1,0.65000000000000002,0
1,0.67500000000000004,0
1,0.70000000000000007,0
1,0.72500000000000009,0
1,0.75,0
1,0.77500000000000002,0
1,0.80000000000000004,0
1,0.82500000000000007,0
1,0.85000000000000009,0
1,0.875,0
1,0.90000000000000002,0
1,0.92500000000000004,0
1,0.95000000000000007,0
1,0.97500000000000009,0
1,1,0
1,1.0250000000000001,0
1,1.05,0
1,1.075,0
1,1.1000000000000001,0
1,1.125,0
1,1.1500000000000001,0
1,1.175,0
1,1.2000000000000002,0
1,1.2250000000000001,0
1,1.25,0
1,1.2750000000000001,0
1,1.3,0
1,1.3250000000000002,0
1,1.3500000000000001,0
1,1.375,0
1,1.4000000000000001,0
1,1.425,0
1,1.4500000000000002,0
1,1.4750000000000001,0
1,1.5,0
1,1.5250000000000001,0
1,1.55,0
1,1.5750000000000002,0
1,1.6000000000000001,0
1,1.625,0
1,1.6500000000000001,0
1,1.675,0
1,1.7000000000000002,0
1,1.7250000000000001,0
1,1.75,0
1,1.7750000000000001,0
1,1.8,0
1,1.8250000000000002,0
1,1.8500000000000001,0
1,1.875,0
1,1.9000000000000001,0
1,1.925,0
1,1.9500000000000002,0
1,1.9750000000000001,0
1,2,0
1,2.0249999999999999,0
1,2.0500000000000003,0
1,2.0750000000000002,0
1,2.1000000000000001,0
1,2.125,0
1,2.1499999999999999,0
1,2.1750000000000003,0
1,2.2000000000000002,0
1,2.2250000000000001,0
1,2.25,0
1,2.2749999999999999,0
1,2.3000000000000003,0
1,2.3250000000000002,0
1,2.3500000000000001,0
1,2.375,0
1,2.4000000000000004,0
1,2.4250000000000003,0
1,2.4500000000000002,0
1,2.4750000000000001,0
1,2.5,0
1,2.5250000000000004,0
1,2.5500000000000003,0
1,2.5750000000000002,0
1,2.6000000000000001,0
1,2.625,0
1,2.6500000000000004,0
1,2.6750000000000003,0
1,2.7000000000000002,0
1,2.7250000000000001,0
1,2.75,0
1,2.7750000000000004,0
1,2.8000000000000003,0
1,2.8250000000000002,0
1,2.8500000000000001,0
1,2.875,0
1,2.9000000000000004,0
1,2.9250000000000003,0
1,2.9500000000000002,0
1,2.9750000000000001,0
1,3,0
1.5,0,0
1.5,0.025000000000000001,1.4382187500000002e-05
1.5,0.050000000000000003,2.75275e-05
1.5,0.075000000000000011,3.943406250000001e-05
1.5,0.10000000000000001,5.0100000000000012e-05
1.5,0.125,5.9523437500000013e-05
1.5,0.15000000000000002,6.7702500000000004e-05
1.5,0.17500000000000002,7.4635312500000031e-05
1.5,0.20000000000000001,8.0320000000000017e-05
1.5,0.22500000000000001,8.4754687500000026e-05
1.5,0.25,8.7937500000000017e-05
1.5,0.27500000000000002,8.9866562500000039e-05
1.5,0.30000000000000004,9.0540000000000038e-05
1.5,0.32500000000000001,9.0585000000000028e-05
1.5,0.35000000000000003,9.0630000000000018e-05
1.5,0.375,9.0675000000000036e-05
1.5,0.40000000000000002,9.0720000000000039e-05
1.5,0.42500000000000004,9.076500000000003e-05
1.5,0.45000000000000001,9.081000000000002e-05
1.5,0.47500000000000003,9.0855000000000037e-05
1.5,0.5,9.0900000000000028e-05
1.5,0.52500000000000002,9.0945000000000031e-05
1.5,0.55000000000000004,9.0990000000000022e-05
1.5,0.57500000000000007,9.1035000000000039e-05
1.5,0.60000000000000009,9.1080000000000029e-05
1.5,0.625,9.1125000000000033e-05
1.5,0.65000000000000002,9.1170000000000023e-05
1.5,0.67500000000000004,9.1215000000000041e-05
1.5,0.70000000000000007,9.1260000000000031e-05
1.5,0.72500000000000009,9.1305000000000035e-05
1.5,0.75,9.1350000000000025e-05
1.5,0.77500000000000002,9.1395000000000042e-05
1.5,0.80000000000000004,9.1440000000000033e-05
1.5,0.82500000000000007,9.1485000000000036e-05
1.5,0.85000000000000009,9.1530000000000027e-05
1.5,0.875,9.1575000000000044e-05
1.5,0.90000000000000002,9.1620000000000034e-05
1.5,0.92500000000000004,9.1665000000000024e-05
1.5,0.95000000000000007,9.1710000000000028e-05
1.5,0.97500000000000009,9.1755000000000046e-05
1.5,1,9.1800000000000036e-05
1.5,1.0250000000000001,9.1845000000000026e-05
1.5,1.05,9.189000000000003e-05
1.5,1.075,9.1935000000000034e-05
1.5,1.1000000000000001,9.1980000000000038e-05
1.5,1.125,9.2025000000000028e-05
1.5,1.1500000000000001,9.2070000000000032e-05
1.5,1.175,9.2115000000000035e-05
1.5,1.2000000000000002,9.2160000000000039e-05
1.5,1.2250000000000001,9.2205000000000029e-05
1.5,1.25,9.225000000000002e-05
1.5,1.2750000000000001,9.2295000000000037e-05
1.5,1.3,9.2340000000000041e-05
1.5,1.3250000000000002,9.2385000000000031e-05
1.5,1.3500000000000001,9.2430000000000021e-05
1.5,1.375,9.2475000000000039e-05
1.5,1.4000000000000001,9.2520000000000043e-05
1.5,1.425,9.2565000000000033e-05
1.5,1.4500000000000002,9.2610000000000023e-05
1.5,1.4750000000000001,9.265500000000004e-05
1.5,1.5,9.2700000000000031e-05
1.5,1.5250000000000001,9.2745000000000034e-05
1.5,1.55,9.2790000000000025e-05
1.5,1.5750000000000002,9.2835000000000042e-05
1.5,1.6000000000000001,9.2880000000000032e-05
1.5,1.625,9.2925000000000036e-05
1.5,1.6500000000000001,9.2970000000000026e-05
1.5,1.675,9.3015000000000044e-05
1.5,1.7000000000000002,9.3060000000000034e-05
1.5,1.7250000000000001,9.3105000000000038e-05
1.5,1.75,9.3150000000000028e-05
1.5,1.7750000000000001,9.3195000000000045e-05
1.5,1.8,9.3240000000000036e-05
1.5,1.8250000000000002,9.3285000000000026e-05
1.5,1.8500000000000001,9.333000000000003e-05
1.5,1.875,9.3375000000000047e-05
1.5,1.9000000000000001,9.3420000000000037e-05
1.5,1.925,9.3465000000000028e-05
1.5,1.9500000000000002,9.3510000000000031e-05
1.5,1.9750000000000001,9.3555000000000049e-05
1.5,2,9.3600000000000039e-05
1.5,2.0249999999999999,9.3645000000000029e-05
1.5,2.0500000000000003,9.3690000000000033e-05
1.5,2.0750000000000002,9.3735000000000037e-05
1.5,2.1000000000000001,9.3780000000000041e-05
1.5,2.125,9.3825000000000031e-05
1.5,2.1499999999999999,9.3870000000000021e-05
1.5,2.1750000000000003,9.3915000000000038e-05
1.5,2.2000000000000002,9.3960000000000042e-05
1.5,2.2250000000000001,9.4005000000000033e-05
1.5,2.25,9.4050000000000023e-05
1.5,2.2749999999999999,9.409500000000004e-05
1.5,2.3000000000000003,9.4140000000000044e-05
1.5,2.3250000000000002,9.4185000000000034e-05
1.5,2.3500000000000001,9.4230000000000024e-05
1.5,2.375,9.4275000000000042e-05
1.5,2.4000000000000004,9.4320000000000032e-05
1.5,2.4250000000000003,9.4365000000000036e-05
1.5,2.4500000000000002,9.4410000000000026e-05
1.5,2.4750000000000001,9.4455000000000043e-05
1.5,2.5,9.4500000000000034e-05
1.5,2.5250000000000004,9.4545000000000038e-05
1.5,2.5500000000000003,9.4590000000000028e-05
1.5,2.5750000000000002,9.4635000000000045e-05
1.5,2.6000000000000001,9.4680000000000035e-05
1.5,2.625,9.4725000000000039e-05
1.5,2.6500000000000004,9.4770000000000029e-05
1.5,2.6750000000000003,9.4815000000000047e-05
1.5,2.7000000000000002,9.4860000000000037e-05
1.5,2.7250000000000001,9.4905000000000027e-05
1.5,2.75,9.4950000000000031e-05
1.5,2.7750000000000004,9.4995000000000048e-05
1.5,2.8000000000000003,9.5040000000000039e-05
1.5,2.8250000000000002,9.5085000000000029e-05
1.5,2.8500000000000001,9.5130000000000033e-05
1.5,2.875,9.517500000000005e-05
1.5,2.9000000000000004,9.522000000000004e-05
1.5,2.9250000000000003,9.5265000000000031e-05
1.5,2.9500000000000002,9.5310000000000034e-05
1.5,2.9750000000000001,9.5355000000000038e-05
1.5,3,9.5400000000000042e-05
2,0,0
2,0.025000000000000001,3.9394687500000007e-05
2,0.050000000000000003,7.7577500000000001e-05
2,0.075000000000000011,0.00011454656250000003
2,0.10000000000000001,0.00015030000000000002
2,0.125,0.00018483593750000002
2,0.15000000000000002,0.0002181525
2,0.17500000000000002,0.00025024781250000005
2,0.20000000000000001,0.00028112000000000005
2,0.22500000000000001,0.00031076718750000005
2,0.25,0.00033918749999999997
2,0.27500000000000002,0.00036637906250000009
2,0.30000000000000004,0.00039234000000000008
2,0.32500000000000001,0.00041706843749999997
2,0.35000000000000003,0.00044056249999999998
2,0.375,0.00046282031250000012
2,0.40000000000000002,0.00048384000000000014
2,0.42500000000000004,0.00050361968750000014
2,0.45000000000000001,0.00052215750000000004
2,0.47500000000000003,0.00053945156250000007
2,0.5,0.0005555
2,0.52500000000000002,0.00057030093750000009
2,0.55000000000000004,0.0005838525
2,0.57500000000000007,0.00059615281250000008
2,0.60000000000000009,0.00060720000000000001
2,0.625,0.00061699218749999992
2,0.65000000000000002,0.00062552749999999992
2,0.67500000000000004,0.00063280406250000012
2,0.70000000000000007,0.00063882000000000001
2,0.72500000000000009,0.00064357343750000003
2,0.75,0.00064706250000000007
2,0.77500000000000002,0.00064928531250000026
2,0.80000000000000004,0.00065024000000000017
2,0.82500000000000007,0.00065056000000000011
2,0.85000000000000009,0.00065088000000000006
2,0.875,0.00065120000000000022
2,0.90000000000000002,0.00065152000000000016
2,0.92500000000000004,0.0006518400000000001
2,0.95000000000000007,0.00065216000000000015
2,0.97500000000000009,0.0006524800000000002
2,1,0.00065280000000000015
2,1.0250000000000001,0.00065312000000000009
2,1.05,0.00065344000000000014
2,1.075,0.00065376000000000019
2,1.1000000000000001,0.00065408000000000013
2,1.125,0.00065440000000000019
2,1.1500000000000001,0.00065472000000000013
2,1.175,0.00065504000000000018
2,1.2000000000000002,0.00065536000000000023
2,1.2250000000000001,0.00065568000000000017
2,1.25,0.00065600000000000012
2,1.2750000000000001,0.00065632000000000017
2,1.3,0.00065664000000000022
2,1.3250000000000002,0.00065696000000000016
2,1.3500000000000001,0.0006572800000000001
2,1.375,0.00065760000000000026
2,1.4000000000000001,0.00065792000000000021
2,1.425,0.00065824000000000015
2,1.4500000000000002,0.00065856000000000009
2,1.4750000000000001,0.00065888000000000025
2,1.5,0.00065920000000000019
2,1.5250000000000001,0.00065952000000000014
2,1.55,0.00065984000000000008
2,1.5750000000000002,0.00066016000000000024
2,1.6000000000000001,0.00066048000000000018
2,1.625,0.00066080000000000012
2,1.6500000000000001,0.00066112000000000007
2,1.675,0.00066144000000000023
2,1.7000000000000002,0.00066176000000000017
2,1.7250000000000001,0.00066208000000000011
2,1.75,0.00066240000000000016
2,1.7750000000000001,0.00066272000000000021
2,1.8,0.00066304000000000016
2,1.8250000000000002,0.0006633600000000001
2,1.8500000000000001,0.00066368000000000015
2,1.875,0.0006640000000000002
2,1.9000000000000001,0.00066432000000000014
2,1.925,0.0006646400000000002
2,1.9500000000000002,0.00066496000000000014
2,1.9750000000000001,0.00066528000000000019
2,2,0.00066560000000000024
2,2.0249999999999999,0.00066592000000000018
2,2.0500000000000003,0.00066624000000000013
2,2.0750000000000002,0.00066656000000000018
2,2.1000000000000001,0.00066688000000000023
2,2.125,0.00066720000000000017
2,2.1499999999999999,0.00066752000000000011
2,2.1750000000000003,0.00066784000000000027
2,2.2000000000000002,0.00066816000000000022
2,2.2250000000000001,0.00066848000000000016
2,2.25,0.0006688000000000001
2,2.2749999999999999,0.00066912000000000026
2,2.3000000000000003,0.0006694400000000002
2,2.3250000000000002,0.00066976000000000015
2,2.3500000000000001,0.00067008000000000009
2,2.375,0.00067040000000000025
2,2.4000000000000004,0.00067072000000000019
2,2.4250000000000003,0.00067104000000000013
2,2.4500000000000002,0.00067136000000000008
2,2.4750000000000001,0.00067168000000000024
2,2.5,0.00067200000000000018
2,2.5250000000000004,0.00067232000000000012
2,2.5500000000000003,0.00067264000000000017
2,2.5750000000000002,0.00067296000000000022
2,2.6000000000000001,0.00067328000000000017
2,2.625,0.00067360000000000011
2,2.6500000000000004,0.00067392000000000016
2,2.6750000000000003,0.00067424000000000021
2,2.7000000000000002,0.00067456000000000016
2,2.7250000000000001,0.00067488000000000021
2,2.75,0.00067520000000000015
2,2.7750000000000004,0.0006755200000000002
2,2.8000000000000003,0.00067584000000000025
2,2.8250000000000002,0.00067616000000000019
2,2.8500000000000001,0.00067648000000000014
2,2.875,0.00067680000000000019
2,2.9000000000000004,0.00067712000000000024
2,2.9250000000000003,0.00067744000000000018
2,2.9500000000000002,0.00067776000000000012
2,2.9750000000000001,0.00067808000000000028
2,3,0.00067840000000000023
2.5,0,0
2.5,0.025000000000000001,6.4407187500000005e-05
2.5,0.050000000000000003,0.00012762749999999998
2.5,0.075000000000000011,0.00018965906250000006
2.5,0.10000000000000001,0.00025050000000000002
2.5,0.125,0.00031014843749999999
2.5,0.15000000000000002,0.0003686025
2.5,0.17500000000000002,0.00042586031250000007
2.5,0.20000000000000001,0.00048191999999999999
2.5,0.22500000000000001,0.0005367796875
2.5,0.25,0.00059043749999999993
2.5,0.27500000000000002,0.00064289156250000006
2.5,0.30000000000000004,0.00069414000000000021
2.5,0.32500000000000001,0.00074418093750000004
2.5,0.35000000000000003,0.00079301250000000001
2.5,0.375,0.00084063281250000023
2.5,0.40000000000000002,0.00088704000000000007
2.5,0.42500000000000004,0.00093223218750000008
2.5,0.45000000000000001,0.00097620750000000005
2.5,0.47500000000000003,0.0010189640625000002
2.5,0.5,0.0010605000000000002
2.5,0.52500000000000002,0.0011008134375000002
2.5,0.55000000000000004,0.0011399025000000001
2.5,0.57500000000000007,0.0011777653125000004
2.5,0.60000000000000009,0.0012144
2.5,0.625,0.0012498046875
2.5,0.65000000000000002,0.0012839775000000001
2.5,0.67500000000000004,0.0013169165625000001
2.5,0.70000000000000007,0.00134862
2.5,0.72500000000000009,0.0013790859375000001
2.5,0.75,0.0014083125000000001
2.5,0.77500000000000002,0.0014362978125000004
2.5,0.80000000000000004,0.0014630399999999999
2.5,0.82500000000000007,0.0014885371875000004
2.5,0.85000000000000009,0.0015127875000000002
2.5,0.875,0.0015357890625
2.5,0.90000000000000002,0.0015575400000000003
2.5,0.92500000000000004,0.0015780384375000001
2.5,0.95000000000000007,0.0015972825
2.5,0.97500000000000009,0.0016152703125000001
2.5,1,0.0016320000000000002
2.5,1.0250000000000001,0.0016474696875
2.5,1.05,0.0016616775000000002
2.5,1.075,0.0016746215625000002
2.5,1.1000000000000001,0.0016863000000000002
2.5,1.125,0.0016967109375000003
2.5,1.1500000000000001,0.0017058525000000003
2.5,1.175,0.0017137228125000002
2.5,1.2000000000000002,0.0017203200000000002
2.5,1.2250000000000001,0.0017256421875
2.5,1.25,0.0017296874999999999
2.5,1.2750000000000001,0.0017324540625000002
2.5,1.3,0.0017339400000000002
2.5,1.3250000000000002,0.001734785
2.5,1.3500000000000001,0.0017356299999999999
2.5,1.375,0.0017364750000000001
2.5,1.4000000000000001,0.0017373200000000001
2.5,1.425,0.0017381650000000001
2.5,1.4500000000000002,0.00173901
2.5,1.4750000000000001,0.0017398550000000002
2.5,1.5,0.0017407000000000002
2.5,1.5250000000000001,0.0017415450000000002
2.5,1.55,0.0017423899999999999
2.5,1.5750000000000002,0.0017432350000000003
2.5,1.6000000000000001,0.0017440800000000001
2.5,1.625,0.001744925
2.5,1.6500000000000001,0.00174577
2.5,1.675,0.0017466150000000002
2.5,1.7000000000000002,0.0017474600000000002
2.5,1.7250000000000001,0.0017483050000000001
2.5,1.75,0.0017491499999999999
2.5,1.7750000000000001,0.0017499950000000003
2.5,1.8,0.0017508400000000003
2.5,1.8250000000000002,0.001751685
2.5,1.8500000000000001,0.00175253
2.5,1.875,0.0017533750000000002
2.5,1.9000000000000001,0.0017542200000000001
2.5,1.925,0.0017550650000000001
2.5,1.9500000000000002,0.0017559100000000001
2.5,1.9750000000000001,0.0017567550000000003
2.5,2,0.0017576000000000002
2.5,2.0249999999999999,0.001758445
2.5,2.0500000000000003,0.0017592899999999999
2.5,2.0750000000000002,0.0017601350000000003
2.5,2.1000000000000001,0.0017609800000000001
2.5,2.125,0.0017618250000000001
2.5,2.1499999999999999,0.00176267
2.5,2.1750000000000003,0.0017635150000000002
2.5,2.2000000000000002,0.0017643600000000002
2.5,2.2250000000000001,0.0017652050000000002
2.5,2.25,0.0017660499999999999
2.5,2.2749999999999999,0.0017668950000000003
2.5,2.3000000000000003,0.0017677400000000001
2.5,2.3250000000000002,0.001768585
2.5,2.3500000000000001,0.00176943
2.5,2.375,0.0017702750000000002
2.5,2.4000000000000004,0.0017711200000000002
2.5,2.4250000000000003,0.0017719650000000001
2.5,2.4500000000000002,0.0017728099999999999
2.5,2.4750000000000001,0.0017736550000000003
2.5,2.5,0.0017745000000000003
2.5,2.5250000000000004,0.001775345
2.5,2.5500000000000003,0.00177619
2.5,2.5750000000000002,0.0017770350000000004
2.5,2.6000000000000001,0.0017778800000000001
2.5,2.625,0.0017787250000000001
2.5,2.6500000000000004,0.0017795700000000001
2.5,2.6750000000000003,0.0017804150000000003
2.5,2.7000000000000002,0.0017812600000000002
2.5,2.7250000000000001,0.0017821050000000002
2.5,2.75,0.0017829499999999999
2.5,2.7750000000000004,0.0017837950000000003
2.5,2.8000000000000003,0.0017846400000000001
2.5,2.8250000000000002,0.0017854850000000001
2.5,2.8500000000000001,0.00178633
2.5,2.875,0.0017871750000000002
2.5,2.9000000000000004,0.0017880200000000002
2.5,2.9250000000000003,0.0017888650000000002
2.5,2.9500000000000002,0.0017897099999999999
2.5,2.9750000000000001,0.0017905550000000003
2.5,3,0.0017914000000000003
3,0,0
3,0.025000000000000001,8.941968750000001e-05
3,0.050000000000000003,0.00017767750000000001
3,0.075000000000000011,0.0002647715625000001
3,0.10000000000000001,0.00035070000000000007
3,0.125,0.00043546093750000003
3,0.15000000000000002,0.00051905250000000016
3,0.17500000000000002,0.00060147281250000015
3,0.20000000000000001,0.00068272000000000005
3,0.22500000000000001,0.00076279218749999999
3,0.25,0.00084168749999999999
3,0.27500000000000002,0.00091940406250000004
3,0.30000000000000004,0.00099594000000000028
3,0.32500000000000001,0.0010712934374999998
3,0.35000000000000003,0.0011454625000000003
3,0.375,0.0012184453125000003
3,0.40000000000000002,0.0012902400000000004
3,0.42500000000000004,0.0013608446875000002
3,0.45000000000000001,0.0014302574999999998
3,0.47500000000000003,0.0014984765625000002
3,0.5,0.0015655000000000003
3,0.52500000000000002,0.0016313259375
3,0.55000000000000004,0.0016959525000000001
3,0.57500000000000007,0.0017593778125000006
3,0.60000000000000009,0.0018216000000000007
3,0.625,0.0018826171875
3,0.65000000000000002,0.0019424275
3,0.67500000000000004,0.0020010290625000005
3,0.70000000000000007,0.00205842
3,0.72500000000000009,0.0021145984375000003
3,0.75,0.0021695625
3,0.77500000000000002,0.0022233103124999999
3,0.80000000000000004,0.0022758400000000003
3,0.82500000000000007,0.0023271496875000002
3,0.85000000000000009,0.0023772375000000005
3,0.875,0.0024261015625000001
3,0.90000000000000002,0.0024737400000000003
3,0.92500000000000004,0.0025201509375000005
3,0.95000000000000007,0.0025653324999999998
3,0.97500000000000009,0.0026092828125000001
3,1,0.0026520000000000003
3,1.0250000000000001,0.0026934821875
3,1.05,0.0027337274999999998
3,1.075,0.0027727340625000011
3,1.1000000000000001,0.0028105000000000001
3,1.125,0.0028470234374999999
3,1.1500000000000001,0.0028823025000000004
3,1.175,0.0029163353125000006
3,1.2000000000000002,0.0029491200000000013
3,1.2250000000000001,0.0029806546875000002
3,1.25,0.0030109374999999997
3,1.2750000000000001,0.0030399665625000009
3,1.3,0.0030677400000000007
3,1.3250000000000002,0.0030942559375000001
3,1.3500000000000001,0.0031195124999999998
3,1.375,0.0031435078125000003
3,1.4000000000000001,0.0031662400000000007
3,1.425,0.0031877071874999996
3,1.4500000000000002,0.0032079074999999996
3,1.4750000000000001,0.0032268390625000008
3,1.5,0.0032445000000000004
3,1.5250000000000001,0.0032608884374999998
3,1.55,0.0032760024999999994
3,1.5750000000000002,0.0032898403125000003
3,1.6000000000000001,0.0033024
3,1.625,0.0033136796875000004
3,1.6500000000000001,0.0033236774999999994
3,1.675,0.0033323915625000007
3,1.7000000000000002,0.0033398200000000007
3,1.7250000000000001,0.0033459609375000006
3,1.75,0.0033508124999999996
3,1.7750000000000001,0.0033543728125000004
3,1.8,0.0033566400000000006
3,1.8250000000000002,0.0033582600000000001
3,1.8500000000000001,0.00335988
3,1.875,0.0033615000000000008
3,1.9000000000000001,0.0033631200000000003
3,1.925,0.0033647400000000002
3,1.9500000000000002,0.0033663600000000001
3,1.9750000000000001,0.0033679800000000005
3,2,0.0033696000000000004
3,2.0249999999999999,0.0033712200000000003
3,2.0500000000000003,0.0033728400000000002
3,2.0750000000000002,0.0033744600000000006
3,2.1000000000000001,0.0033760800000000005
3,2.125,0.0033777000000000004
3,2.1499999999999999,0.0033793199999999999
3,2.1750000000000003,0.0033809400000000007
3,2.2000000000000002,0.0033825600000000006
3,2.2250000000000001,0.0033841800000000001
3,2.25,0.0033858
3,2.2749999999999999,0.0033874200000000008
3,2.3000000000000003,0.0033890400000000003
3,2.3250000000000002,0.0033906600000000002
3,2.3500000000000001,0.0033922800000000001
3,2.375,0.0033939000000000005
3,2.4000000000000004,0.0033955200000000004
3,2.4250000000000003,0.0033971400000000003
3,2.4500000000000002,0.0033987600000000002
3,2.4750000000000001,0.0034003800000000006
3,2.5,0.0034020000000000005
3,2.5250000000000004,0.0034036200000000004
3,2.5500000000000003,0.0034052399999999999
3,2.5750000000000002,0.0034068600000000007
3,2.6000000000000001,0.0034084800000000006
3,2.625,0.0034101000000000001
3,2.6500000000000004,0.00341172
3,2.6750000000000003,0.0034133400000000008
3,2.7000000000000002,0.0034149600000000003
3,2.7250000000000001,0.0034165800000000002
3,2.75,0.0034182000000000001
3,2.7750000000000004,0.0034198200000000005
3,2.8000000000000003,0.0034214400000000004
3,2.8250000000000002,0.0034230600000000003
3,2.8500000000000001,0.0034246800000000003
3,2.875,0.0034263000000000006
3,2.9000000000000004,0.0034279200000000005
3,2.9250000000000003,0.0034295400000000005
3,2.9500000000000002,0.0034311599999999999
3,2.9750000000000001,0.0034327800000000007
3,3,0.0034344000000000006
3.5,0,0
3.5,0.025000000000000001,0.00011443218749999999
3.5,0.050000000000000003,0.00022772749999999995
3.5,0.075000000000000011,0.00033988406250000006
3.5,0.10000000000000001,0.00045090000000000001
3.5,0.125,0.00056077343749999997
3.5,0.15000000000000002,0.00066950250000000005
3.5,0.17500000000000002,0.0007770853125
3.5,0.20000000000000001,0.00088351999999999994
3.5,0.22500000000000001,0.00098880468749999988
3.5,0.25,0.0010929374999999997
3.5,0.27500000000000002,0.0011959165624999999
3.5,0.30000000000000004,0.0012977400000000001
3.5,0.32500000000000001,0.0013984059374999996
3.5,0.35000000000000003,0.0014979124999999999
3.5,0.375,0.0015962578125
3.5,0.40000000000000002,0.0016934399999999998
3.5,0.42500000000000004,0.0017894571875000001
3.5,0.45000000000000001,0.0018843074999999995
3.5,0.47500000000000003,0.0019779890625000003
3.5,0.5,0.0020704999999999999
3.5,0.52500000000000002,0.0021618384375000003
3.5,0.55000000000000004,0.0022520024999999992
3.5,0.57500000000000007,0.0023409903125000001
3.5,0.60000000000000009,0.0024288000000000001
3.5,0.625,0.0025154296875000001
3.5,0.65000000000000002,0.0026008774999999994
3.5,0.67500000000000004,0.0026851415625000004
3.5,0.70000000000000007,0.0027682200000000001
3.5,0.72500000000000009,0.0028501109374999998
3.5,0.75,0.0029308124999999994
3.5,0.77500000000000002,0.0030103228125000002
3.5,0.80000000000000004,0.0030886399999999997
3.5,0.82500000000000007,0.0031657621874999998
3.5,0.85000000000000009,0.0032416874999999998
3.5,0.875,0.0033164140624999997
3.5,0.90000000000000002,0.0033899399999999997
3.5,0.92500000000000004,0.0034622634374999999
3.5,0.95000000000000007,0.0035333825
3.5,0.97500000000000009,0.0036032953125000006
3.5,1,0.0036719999999999999
3.5,1.0250000000000001,0.0037394946874999995
3.5,1.05,0.0038057774999999995
3.5,1.075,0.0038708465625
3.5,1.1000000000000001,0.0039347000000000002
3.5,1.125,0.0039973359374999998
3.5,1.1500000000000001,0.0040587524999999994
3.5,1.175,0.0041189478125
3.5,1.2000000000000002,0.0041779200000000008
3.5,1.2250000000000001,0.0042356671874999993
3.5,1.25,0.0042921875
3.5,1.2750000000000001,0.0043474790625000004
3.5,1.3,0.0044015399999999998
3.5,1.3250000000000002,0.0044543684375
3.5,1.3500000000000001,0.0045059624999999985
3.5,1.375,0.0045563203124999998
3.5,1.4000000000000001,0.0046054400000000006
3.5,1.425,0.0046533196874999983
3.5,1.4500000000000002,0.0046999574999999991
3.5,1.4750000000000001,0.0047453515624999998
3.5,1.5,0.0047894999999999995
3.5,1.5250000000000001,0.0048324009374999992
3.5,1.55,0.0048740524999999982
3.5,1.5750000000000002,0.0049144528125000001
3.5,1.6000000000000001,0.004953599999999999
3.5,1.625,0.0049914921875000001
3.5,1.6500000000000001,0.0050281274999999992
3.5,1.675,0.0050635040624999999
3.5,1.7000000000000002,0.0050976199999999998
3.5,1.7250000000000001,0.0051304734374999989
3.5,1.75,0.0051620624999999982
3.5,1.7750000000000001,0.0051923853124999989
3.5,1.8,0.0052214399999999991
3.5,1.8250000000000002,0.0052492246874999982
3.5,1.8500000000000001,0.0052757374999999988
3.5,1.875,0.0053009765625000003
3.5,1.9000000000000001,0.0053249400000000002
3.5,1.925,0.0053476259374999986
3.5,1.9500000000000002,0.0053690324999999999
3.5,1.9750000000000001,0.0053891578124999999
3.5,2,0.0054079999999999996
3.5,2.0249999999999999,0.0054255571874999992
3.5,2.0500000000000003,0.0054418274999999978
3.5,2.0750000000000002,0.0054568090624999999
3.5,2.1000000000000001,0.0054705000000000005
3.5,2.125,0.005482898437499998
3.5,2.1499999999999999,0.0054940024999999993
3.5,2.1750000000000003,0.0055038103125000012
3.5,2.2000000000000002,0.0055123199999999985
3.5,2.2250000000000001,0.0055195296874999992
3.5,2.25,0.0055254374999999991
3.5,2.2749999999999999,0.0055300415624999991
3.5,2.3000000000000003,0.0055333399999999994
3.5,2.3250000000000002,0.0055359849999999993
3.5,2.3500000000000001,0.0055386299999999992
3.5,2.375,0.005541275
3.5,2.4000000000000004,0.0055439199999999999
3.5,2.4250000000000003,0.0055465649999999998
3.5,2.4500000000000002,0.0055492099999999989
3.5,2.4750000000000001,0.0055518549999999996
3.5,2.5,0.0055544999999999995
3.5,2.5250000000000004,0.0055571449999999994
3.5,2.5500000000000003,0.0055597899999999994
3.5,2.5750000000000002,0.0055624350000000001
3.5,2.6000000000000001,0.00556508
3.5,2.625,0.0055677249999999991
3.5,2.6500000000000004,0.005570369999999999
3.5,2.6750000000000003,0.0055730149999999997
3.5,2.7000000000000002,0.0055756599999999996
3.5,2.7250000000000001,0.0055783049999999995
3.5,2.75,0.0055809499999999995
3.5,2.7750000000000004,0.0055835950000000002
3.5,2.8000000000000003,0.0055862400000000001
3.5,2.8250000000000002,0.0055888849999999992
3.5,2.8500000000000001,0.0055915299999999991
3.5,2.875,0.0055941749999999998
3.5,2.9000000000000004,0.0055968199999999997
3.5,2.9250000000000003,0.0055994649999999997
3.5,2.9500000000000002,0.0056021099999999996
3.5,2.9750000000000001,0.0056047550000000003
3.5,3,0.0056074000000000002
